scenario,policy,seed,totalIncidents,servedIncidents,unservedIncidents,meanResponseSec,medianResponseSec,p90ResponseSec,p95ResponseSec,withinTargetPct,meanHandoverSec,meanTotalTimeSec,alsMatchPct
S1,B1,42,105,105,0,69.72,46.05,165.17,198.29,1.0000,1012.40,2235.00,0.6897
S1,B2,42,105,105,0,74.19,46.64,172.63,198.29,1.0000,1012.40,2251.38,0.5862
S1,P1,42,105,105,0,89.34,54.89,197.86,286.10,1.0000,1012.40,2274.90,0.5862
S1,P2,42,105,105,0,89.34,54.89,197.86,286.10,1.0000,1012.40,2274.90,0.5862
S1,P3,42,105,105,0,89.34,54.89,197.86,286.10,1.0000,1012.40,2274.90,0.5862
S1,P3-no-redeploy,42,105,105,0,89.34,54.89,197.86,286.10,1.0000,1012.40,2274.90,0.5862
S1,P3-no-hosp,42,105,105,0,89.34,54.89,197.86,286.10,1.0000,1012.40,2274.90,0.5862
S1,P3-no-coverage,42,105,105,0,89.34,54.89,197.86,286.10,1.0000,1012.40,2274.90,0.5862
S1,P3-no-fatigue,42,105,105,0,89.34,54.89,197.86,286.10,1.0000,1012.40,2274.90,0.5862
S1,B1,43,100,100,0,86.31,51.90,194.67,262.40,1.0000,1103.81,2429.73,0.5417
S1,B2,43,100,100,0,90.51,50.35,199.30,270.22,1.0000,1103.81,2440.51,0.5417
S1,P1,43,100,100,0,106.70,69.88,273.05,307.26,1.0000,1103.81,2452.95,0.5833
S1,P2,43,100,100,0,106.70,69.88,273.05,307.26,1.0000,1103.81,2452.95,0.5833
S1,P3,43,100,100,0,106.70,69.88,273.05,307.26,1.0000,1103.81,2452.95,0.5833
S1,P3-no-redeploy,43,100,100,0,106.70,69.88,273.05,307.26,1.0000,1103.81,2452.95,0.5833
S1,P3-no-hosp,43,100,100,0,106.70,69.88,273.05,307.26,1.0000,1103.81,2452.95,0.5833
S1,P3-no-coverage,43,100,100,0,106.70,69.88,273.05,307.26,1.0000,1103.81,2452.95,0.5833
S1,P3-no-fatigue,43,100,100,0,106.70,69.88,273.05,307.26,1.0000,1103.81,2452.95,0.5833
S1,B1,44,86,86,0,80.04,67.30,174.76,197.19,1.0000,1199.58,2279.39,0.5556
S1,B2,44,86,86,0,84.17,67.30,188.32,197.46,1.0000,1199.58,2295.24,0.6667
S1,P1,44,86,86,0,108.59,78.27,241.89,282.29,1.0000,1199.58,2306.24,0.6667
S1,P2,44,86,86,0,108.59,78.27,241.89,282.29,1.0000,1199.58,2306.24,0.6667
S1,P3,44,86,86,0,108.59,78.27,241.89,282.29,1.0000,1199.58,2306.24,0.6667
S1,P3-no-redeploy,44,86,86,0,108.59,78.27,241.89,282.29,1.0000,1199.58,2306.24,0.6667
S1,P3-no-hosp,44,86,86,0,108.59,78.27,241.89,282.29,1.0000,1199.58,2306.24,0.6667
S1,P3-no-coverage,44,86,86,0,108.59,78.27,241.89,282.29,1.0000,1199.58,2306.24,0.6667
S1,P3-no-fatigue,44,86,86,0,108.59,78.27,241.89,282.29,1.0000,1199.58,2306.24,0.6667
S1,B1,45,88,88,0,69.07,49.77,178.46,198.95,1.0000,1114.69,2187.23,0.5357
S1,B2,45,88,88,0,72.96,50.46,177.49,216.06,1.0000,1114.69,2203.49,0.5000
S1,P1,45,88,88,0,110.98,71.02,269.38,319.14,1.0000,1114.69,2225.80,0.4643
S1,P2,45,88,88,0,110.98,71.02,269.38,319.14,1.0000,1114.69,2225.80,0.4643
S1,P3,45,88,88,0,110.98,71.02,269.38,319.14,1.0000,1114.69,2225.80,0.4643
S1,P3-no-redeploy,45,88,88,0,110.98,71.02,269.38,319.14,1.0000,1114.69,2225.80,0.4643
S1,P3-no-hosp,45,88,88,0,110.98,71.02,269.38,319.14,1.0000,1114.69,2225.80,0.4643
S1,P3-no-coverage,45,88,88,0,110.98,71.02,269.38,319.14,1.0000,1114.69,2225.80,0.4643
S1,P3-no-fatigue,45,88,88,0,110.98,71.02,269.38,319.14,1.0000,1114.69,2225.80,0.4643
S1,B1,46,110,110,0,73.12,51.67,176.08,197.68,1.0000,1271.42,2418.35,0.5667
S1,B2,46,110,110,0,77.78,53.16,189.45,204.36,1.0000,1271.42,2426.23,0.5333
S1,P1,46,110,110,0,103.88,63.24,250.76,311.00,0.9727,1271.42,2457.77,0.4667
S1,P2,46,110,110,0,103.88,63.24,250.76,311.00,0.9727,1271.42,2457.77,0.4667
S1,P3,46,110,110,0,103.88,63.24,250.76,311.00,0.9727,1271.42,2457.77,0.4667
S1,P3-no-redeploy,46,110,110,0,103.88,63.24,250.76,311.00,0.9727,1271.42,2457.77,0.4667
S1,P3-no-hosp,46,110,110,0,103.88,63.24,250.76,311.00,0.9727,1271.42,2457.77,0.4667
S1,P3-no-coverage,46,110,110,0,103.88,63.24,250.76,311.00,0.9727,1271.42,2457.77,0.4667
S1,P3-no-fatigue,46,110,110,0,103.88,63.24,250.76,311.00,0.9727,1271.42,2457.77,0.4667
S1,B1,47,104,104,0,76.06,55.70,173.13,215.38,1.0000,1184.72,2395.17,0.7838
S1,B2,47,104,104,0,80.15,56.30,173.13,218.95,1.0000,1184.72,2410.65,0.7838
S1,P1,47,104,104,0,111.40,64.00,293.68,338.72,0.9904,1184.72,2437.15,0.7568
S1,P2,47,104,104,0,111.40,64.00,293.68,338.72,0.9904,1184.72,2437.15,0.7568
S1,P3,47,104,104,0,111.40,64.00,293.68,338.72,0.9904,1184.72,2437.15,0.7568
S1,P3-no-redeploy,47,104,104,0,111.40,64.00,293.68,338.72,0.9904,1184.72,2437.15,0.7568
S1,P3-no-hosp,47,104,104,0,111.40,64.00,293.68,338.72,0.9904,1184.72,2437.15,0.7568
S1,P3-no-coverage,47,104,104,0,111.40,64.00,293.68,338.72,0.9904,1184.72,2437.15,0.7568
S1,P3-no-fatigue,47,104,104,0,111.40,64.00,293.68,338.72,0.9904,1184.72,2437.15,0.7568
S1,B1,48,97,97,0,76.88,46.42,176.28,256.40,1.0000,1196.42,2350.19,0.2941
S1,B2,48,97,97,0,86.54,53.44,198.03,283.31,0.9897,1196.42,2385.10,0.3529
S1,P1,48,97,97,0,103.62,58.97,256.40,316.69,0.9794,1196.42,2394.48,0.4118
S1,P2,48,97,97,0,103.62,58.97,256.40,316.69,0.9794,1196.42,2394.48,0.4118
S1,P3,48,97,97,0,103.62,58.97,256.40,316.69,0.9794,1196.42,2394.48,0.4118
S1,P3-no-redeploy,48,97,97,0,103.62,58.97,256.40,316.69,0.9794,1196.42,2394.48,0.4118
S1,P3-no-hosp,48,97,97,0,103.62,58.97,256.40,316.69,0.9794,1196.42,2394.48,0.4118
S1,P3-no-coverage,48,97,97,0,103.62,58.97,256.40,316.69,0.9794,1196.42,2394.48,0.4118
S1,P3-no-fatigue,48,97,97,0,103.62,58.97,256.40,316.69,0.9794,1196.42,2394.48,0.4118
S1,B1,49,107,107,0,69.09,49.22,152.56,223.00,1.0000,1207.87,2279.53,0.5833
S1,B2,49,107,107,0,77.66,52.53,152.56,223.00,0.9907,1207.87,2297.51,0.7778
S1,P1,49,107,107,0,110.97,78.14,265.84,329.73,0.9907,1207.87,2327.68,0.7500
S1,P2,49,107,107,0,110.97,78.14,265.84,329.73,0.9907,1207.87,2327.68,0.7500
S1,P3,49,107,107,0,110.97,78.14,265.84,329.73,0.9907,1207.87,2327.68,0.7500
S1,P3-no-redeploy,49,107,107,0,110.97,78.14,265.84,329.73,0.9907,1207.87,2327.68,0.7500
S1,P3-no-hosp,49,107,107,0,110.97,78.14,265.84,329.73,0.9907,1207.87,2327.68,0.7500
S1,P3-no-coverage,49,107,107,0,110.97,78.14,265.84,329.73,0.9907,1207.87,2327.68,0.7500
S1,P3-no-fatigue,49,107,107,0,110.97,78.14,265.84,329.73,0.9907,1207.87,2327.68,0.7500
S1,B1,50,101,101,0,72.44,48.95,168.41,206.35,1.0000,1112.14,2323.73,0.5862
S1,B2,50,101,101,0,72.47,49.52,168.41,208.45,1.0000,1112.14,2324.76,0.5517
S1,P1,50,101,101,0,99.71,49.52,260.56,349.77,0.9802,1112.14,2336.51,0.5172
S1,P2,50,101,101,0,99.71,49.52,260.56,349.77,0.9802,1112.14,2336.51,0.5172
S1,P3,50,101,101,0,99.71,49.52,260.56,349.77,0.9802,1112.14,2336.51,0.5172
S1,P3-no-redeploy,50,101,101,0,99.71,49.52,260.56,349.77,0.9802,1112.14,2336.51,0.5172
S1,P3-no-hosp,50,101,101,0,99.71,49.52,260.56,349.77,0.9802,1112.14,2336.51,0.5172
S1,P3-no-coverage,50,101,101,0,99.71,49.52,260.56,349.77,0.9802,1112.14,2336.51,0.5172
S1,P3-no-fatigue,50,101,101,0,99.71,49.52,260.56,349.77,0.9802,1112.14,2336.51,0.5172
S1,B1,51,112,112,0,76.87,51.98,184.72,205.62,1.0000,1162.14,2351.35,0.6486
S1,B2,51,112,112,0,82.90,60.00,178.14,235.64,1.0000,1162.14,2368.21,0.6486
S1,P1,51,112,112,0,103.23,68.09,205.62,325.81,1.0000,1162.14,2389.88,0.7297
S1,P2,51,112,112,0,103.23,68.09,205.62,325.81,1.0000,1162.14,2389.88,0.7297
S1,P3,51,112,112,0,103.23,68.09,205.62,325.81,1.0000,1162.14,2389.88,0.7297
S1,P3-no-redeploy,51,112,112,0,103.23,68.09,205.62,325.81,1.0000,1162.14,2389.88,0.7297
S1,P3-no-hosp,51,112,112,0,103.23,68.09,205.62,325.81,1.0000,1162.14,2389.88,0.7297
S1,P3-no-coverage,51,112,112,0,103.23,68.09,205.62,325.81,1.0000,1162.14,2389.88,0.7297
S1,P3-no-fatigue,51,112,112,0,103.23,68.09,205.62,325.81,1.0000,1162.14,2389.88,0.7297
S1,B1,52,107,107,0,79.95,51.41,182.91,238.43,1.0000,1340.51,2424.02,0.5333
S1,B2,52,107,107,0,85.32,54.41,185.44,250.85,1.0000,1340.51,2439.59,0.5667
S1,P1,52,107,107,0,108.76,73.43,239.10,297.10,0.9907,1340.51,2474.37,0.6000
S1,P2,52,107,107,0,108.76,73.43,239.10,297.10,0.9907,1340.51,2474.37,0.6000
S1,P3,52,107,107,0,108.76,73.43,239.10,297.10,0.9907,1340.51,2474.37,0.6000
S1,P3-no-redeploy,52,107,107,0,108.76,73.43,239.10,297.10,0.9907,1340.51,2474.37,0.6000
S1,P3-no-hosp,52,107,107,0,108.76,73.43,239.10,297.10,0.9907,1340.51,2474.37,0.6000
S1,P3-no-coverage,52,107,107,0,108.76,73.43,239.10,297.10,0.9907,1340.51,2474.37,0.6000
S1,P3-no-fatigue,52,107,107,0,108.76,73.43,239.10,297.10,0.9907,1340.51,2474.37,0.6000
S1,B1,53,96,96,0,64.19,41.31,163.27,190.13,1.0000,1260.21,2382.06,0.6000
S1,B2,53,96,96,0,70.06,45.29,184.29,211.43,1.0000,1260.21,2392.67,0.6800
S1,P1,53,96,96,0,74.84,54.38,189.31,218.70,1.0000,1260.21,2393.12,0.7200
S1,P2,53,96,96,0,74.84,54.38,189.31,218.70,1.0000,1260.21,2393.12,0.7200
S1,P3,53,96,96,0,74.84,54.38,189.31,218.70,1.0000,1260.21,2393.12,0.7200
S1,P3-no-redeploy,53,96,96,0,74.84,54.38,189.31,218.70,1.0000,1260.21,2393.12,0.7200
S1,P3-no-hosp,53,96,96,0,74.84,54.38,189.31,218.70,1.0000,1260.21,2393.12,0.7200
S1,P3-no-coverage,53,96,96,0,74.84,54.38,189.31,218.70,1.0000,1260.21,2393.12,0.7200
S1,P3-no-fatigue,53,96,96,0,74.84,54.38,189.31,218.70,1.0000,1260.21,2393.12,0.7200
S1,B1,54,88,88,0,86.32,56.27,187.40,234.28,1.0000,1153.61,2332.32,0.8148
S1,B2,54,88,88,0,92.66,64.42,208.64,245.11,1.0000,1153.61,2353.21,0.5926
S1,P1,54,88,88,0,107.92,77.06,244.36,284.23,0.9886,1153.61,2353.26,0.7037
S1,P2,54,88,88,0,107.92,77.06,244.36,284.23,0.9886,1153.61,2353.26,0.7037
S1,P3,54,88,88,0,107.92,77.06,244.36,284.23,0.9886,1153.61,2353.26,0.7037
S1,P3-no-redeploy,54,88,88,0,107.92,77.06,244.36,284.23,0.9886,1153.61,2353.26,0.7037
S1,P3-no-hosp,54,88,88,0,107.92,77.06,244.36,284.23,0.9886,1153.61,2353.26,0.7037
S1,P3-no-coverage,54,88,88,0,107.92,77.06,244.36,284.23,0.9886,1153.61,2353.26,0.7037
S1,P3-no-fatigue,54,88,88,0,107.92,77.06,244.36,284.23,0.9886,1153.61,2353.26,0.7037
S1,B1,55,99,99,0,69.51,45.87,161.48,186.32,1.0000,1118.84,2201.34,0.5000
S1,B2,55,99,99,0,84.48,60.62,188.52,259.19,1.0000,1118.84,2238.45,0.6154
S1,P1,55,99,99,0,100.74,67.23,222.45,283.89,0.9899,1118.84,2275.03,0.6154
S1,P2,55,99,99,0,100.74,67.23,222.45,283.89,0.9899,1118.84,2275.03,0.6154
S1,P3,55,99,99,0,100.74,67.23,222.45,283.89,0.9899,1118.84,2275.03,0.6154
S1,P3-no-redeploy,55,99,99,0,100.74,67.23,222.45,283.89,0.9899,1118.84,2275.03,0.6154
S1,P3-no-hosp,55,99,99,0,100.74,67.23,222.45,283.89,0.9899,1118.84,2275.03,0.6154
S1,P3-no-coverage,55,99,99,0,100.74,67.23,222.45,283.89,0.9899,1118.84,2275.03,0.6154
S1,P3-no-fatigue,55,99,99,0,100.74,67.23,222.45,283.89,0.9899,1118.84,2275.03,0.6154
S1,B1,56,96,96,0,73.93,51.25,152.80,207.85,1.0000,1202.69,2271.41,0.6071
S1,B2,56,96,96,0,86.26,57.82,198.96,265.20,1.0000,1202.69,2299.44,0.7143
S1,P1,56,96,96,0,132.76,76.28,351.18,428.51,0.9688,1202.69,2331.69,0.7143
S1,P2,56,96,96,0,132.76,76.28,351.18,428.51,0.9688,1202.69,2331.69,0.7143
S1,P3,56,96,96,0,132.76,76.28,351.18,428.51,0.9688,1202.69,2331.69,0.7143
S1,P3-no-redeploy,56,96,96,0,132.76,76.28,351.18,428.51,0.9688,1202.69,2331.69,0.7143
S1,P3-no-hosp,56,96,96,0,132.76,76.28,351.18,428.51,0.9688,1202.69,2331.69,0.7143
S1,P3-no-coverage,56,96,96,0,132.76,76.28,351.18,428.51,0.9688,1202.69,2331.69,0.7143
S1,P3-no-fatigue,56,96,96,0,132.76,76.28,351.18,428.51,0.9688,1202.69,2331.69,0.7143
S1,B1,57,95,95,0,79.39,60.77,179.17,206.31,1.0000,1197.21,2317.63,0.6875
S1,B2,57,95,95,0,90.77,67.57,192.12,235.41,0.9895,1197.21,2339.79,0.5625
S1,P1,57,95,95,0,105.47,64.80,265.88,339.58,0.9895,1197.21,2351.84,0.6250
S1,P2,57,95,95,0,105.47,64.80,265.88,339.58,0.9895,1197.21,2351.84,0.6250
S1,P3,57,95,95,0,105.47,64.80,265.88,339.58,0.9895,1197.21,2351.84,0.6250
S1,P3-no-redeploy,57,95,95,0,105.47,64.80,265.88,339.58,0.9895,1197.21,2351.84,0.6250
S1,P3-no-hosp,57,95,95,0,105.47,64.80,265.88,339.58,0.9895,1197.21,2351.84,0.6250
S1,P3-no-coverage,57,95,95,0,105.47,64.80,265.88,339.58,0.9895,1197.21,2351.84,0.6250
S1,P3-no-fatigue,57,95,95,0,105.47,64.80,265.88,339.58,0.9895,1197.21,2351.84,0.6250
S1,B1,58,101,101,0,75.70,51.58,181.20,215.70,1.0000,1328.39,2502.34,0.6750
S1,B2,58,101,101,0,75.48,51.58,181.20,213.98,1.0000,1328.39,2505.32,0.7000
S1,P1,58,101,101,0,105.95,64.99,231.78,301.78,1.0000,1328.39,2545.70,0.7500
S1,P2,58,101,101,0,105.95,64.99,231.78,301.78,1.0000,1328.39,2545.70,0.7500
S1,P3,58,101,101,0,105.95,64.99,231.78,301.78,1.0000,1328.39,2545.70,0.7500
S1,P3-no-redeploy,58,101,101,0,105.95,64.99,231.78,301.78,1.0000,1328.39,2545.70,0.7500
S1,P3-no-hosp,58,101,101,0,105.95,64.99,231.78,301.78,1.0000,1328.39,2545.70,0.7500
S1,P3-no-coverage,58,101,101,0,105.95,64.99,231.78,301.78,1.0000,1328.39,2545.70,0.7500
S1,P3-no-fatigue,58,101,101,0,105.95,64.99,231.78,301.78,1.0000,1328.39,2545.70,0.7500
S1,B1,59,100,100,0,74.17,47.45,178.44,203.15,1.0000,1253.57,2509.77,0.4074
S1,B2,59,100,100,0,77.39,48.31,192.68,209.55,1.0000,1253.57,2526.94,0.5185
S1,P1,59,100,100,0,92.64,53.74,209.55,284.37,1.0000,1253.57,2527.89,0.7037
S1,P2,59,100,100,0,92.64,53.74,209.55,284.37,1.0000,1253.57,2527.89,0.7037
S1,P3,59,100,100,0,92.64,53.74,209.55,284.37,1.0000,1253.57,2527.89,0.7037
S1,P3-no-redeploy,59,100,100,0,92.64,53.74,209.55,284.37,1.0000,1253.57,2527.89,0.7037
S1,P3-no-hosp,59,100,100,0,92.64,53.74,209.55,284.37,1.0000,1253.57,2527.89,0.7037
S1,P3-no-coverage,59,100,100,0,92.64,53.74,209.55,284.37,1.0000,1253.57,2527.89,0.7037
S1,P3-no-fatigue,59,100,100,0,92.64,53.74,209.55,284.37,1.0000,1253.57,2527.89,0.7037
S1,B1,60,94,94,0,76.65,50.93,169.07,245.56,1.0000,1201.53,2333.00,0.6667
S1,B2,60,94,94,0,92.33,54.63,192.58,251.74,0.9787,1201.53,2371.90,0.6296
S1,P1,60,94,94,0,114.04,57.86,280.50,309.96,0.9681,1201.53,2401.55,0.6667
S1,P2,60,94,94,0,114.04,57.86,280.50,309.96,0.9681,1201.53,2401.55,0.6667
S1,P3,60,94,94,0,114.04,57.86,280.50,309.96,0.9681,1201.53,2401.55,0.6667
S1,P3-no-redeploy,60,94,94,0,114.04,57.86,280.50,309.96,0.9681,1201.53,2401.55,0.6667
S1,P3-no-hosp,60,94,94,0,114.04,57.86,280.50,309.96,0.9681,1201.53,2401.55,0.6667
S1,P3-no-coverage,60,94,94,0,114.04,57.86,280.50,309.96,0.9681,1201.53,2401.55,0.6667
S1,P3-no-fatigue,60,94,94,0,114.04,57.86,280.50,309.96,0.9681,1201.53,2401.55,0.6667
S1,B1,61,105,105,0,83.93,48.75,195.26,270.31,1.0000,1122.04,2293.25,0.7778
S1,B2,61,105,105,0,89.05,57.31,221.17,270.31,1.0000,1122.04,2311.10,0.6667
S1,P1,61,105,105,0,109.46,65.75,254.25,324.20,0.9810,1122.04,2327.96,0.6111
S1,P2,61,105,105,0,109.46,65.75,254.25,324.20,0.9810,1122.04,2327.96,0.6111
S1,P3,61,105,105,0,109.46,65.75,254.25,324.20,0.9810,1122.04,2327.96,0.6111
S1,P3-no-redeploy,61,105,105,0,109.46,65.75,254.25,324.20,0.9810,1122.04,2327.96,0.6111
S1,P3-no-hosp,61,105,105,0,109.46,65.75,254.25,324.20,0.9810,1122.04,2327.96,0.6111
S1,P3-no-coverage,61,105,105,0,109.46,65.75,254.25,324.20,0.9810,1122.04,2327.96,0.6111
S1,P3-no-fatigue,61,105,105,0,109.46,65.75,254.25,324.20,0.9810,1122.04,2327.96,0.6111
S1,B1,62,98,98,0,70.48,59.92,144.88,179.47,1.0000,1233.24,2342.33,0.5909
S1,B2,62,98,98,0,80.02,59.92,204.77,268.64,1.0000,1233.24,2377.82,0.6364
S1,P1,62,98,98,0,101.43,57.50,218.86,312.31,0.9898,1233.24,2416.52,0.7273
S1,P2,62,98,98,0,101.43,57.50,218.86,312.31,0.9898,1233.24,2416.52,0.7273
S1,P3,62,98,98,0,101.43,57.50,218.86,312.31,0.9898,1233.24,2416.52,0.7273
S1,P3-no-redeploy,62,98,98,0,101.43,57.50,218.86,312.31,0.9898,1233.24,2416.52,0.7273
S1,P3-no-hosp,62,98,98,0,101.43,57.50,218.86,312.31,0.9898,1233.24,2416.52,0.7273
S1,P3-no-coverage,62,98,98,0,101.43,57.50,218.86,312.31,0.9898,1233.24,2416.52,0.7273
S1,P3-no-fatigue,62,98,98,0,101.43,57.50,218.86,312.31,0.9898,1233.24,2416.52,0.7273
S1,B1,63,109,109,0,79.98,51.58,192.99,236.46,1.0000,1309.94,2439.29,0.5625
S1,B2,63,109,109,0,94.28,61.11,226.29,273.83,1.0000,1309.94,2481.31,0.5625
S1,P1,63,109,109,0,135.31,80.87,341.98,484.10,0.9450,1309.94,2503.33,0.5000
S1,P2,63,109,109,0,135.31,80.87,341.98,484.10,0.9450,1309.94,2503.33,0.5000
S1,P3,63,109,109,0,135.31,80.87,341.98,484.10,0.9450,1309.94,2503.33,0.5000
S1,P3-no-redeploy,63,109,109,0,135.31,80.87,341.98,484.10,0.9450,1309.94,2503.33,0.5000
S1,P3-no-hosp,63,109,109,0,135.31,80.87,341.98,484.10,0.9450,1309.94,2503.33,0.5000
S1,P3-no-coverage,63,109,109,0,135.31,80.87,341.98,484.10,0.9450,1309.94,2503.33,0.5000
S1,P3-no-fatigue,63,109,109,0,135.31,80.87,341.98,484.10,0.9450,1309.94,2503.33,0.5000
S1,B1,64,99,99,0,79.93,55.00,186.26,221.96,1.0000,978.60,2122.20,0.5357
S1,B2,64,99,99,0,82.32,55.45,187.38,269.07,1.0000,978.60,2130.13,0.5714
S1,P1,64,99,99,0,115.32,71.25,286.12,364.31,0.9697,978.60,2140.70,0.7143
S1,P2,64,99,99,0,115.32,71.25,286.12,364.31,0.9697,978.60,2140.70,0.7143
S1,P3,64,99,99,0,115.32,71.25,286.12,364.31,0.9697,978.60,2140.70,0.7143
S1,P3-no-redeploy,64,99,99,0,115.32,71.25,286.12,364.31,0.9697,978.60,2140.70,0.7143
S1,P3-no-hosp,64,99,99,0,115.32,71.25,286.12,364.31,0.9697,978.60,2140.70,0.7143
S1,P3-no-coverage,64,99,99,0,115.32,71.25,286.12,364.31,0.9697,978.60,2140.70,0.7143
S1,P3-no-fatigue,64,99,99,0,115.32,71.25,286.12,364.31,0.9697,978.60,2140.70,0.7143
S1,B1,65,92,92,0,66.85,44.88,176.41,218.30,1.0000,1101.48,2194.73,0.7188
S1,B2,65,92,92,0,75.32,47.17,180.01,273.21,1.0000,1101.48,2201.75,0.7188
S1,P1,65,92,92,0,96.47,49.33,273.21,322.34,0.9891,1101.48,2235.83,0.7500
S1,P2,65,92,92,0,96.47,49.33,273.21,322.34,0.9891,1101.48,2235.83,0.7500
S1,P3,65,92,92,0,96.47,49.33,273.21,322.34,0.9891,1101.48,2235.83,0.7500
S1,P3-no-redeploy,65,92,92,0,96.47,49.33,273.21,322.34,0.9891,1101.48,2235.83,0.7500
S1,P3-no-hosp,65,92,92,0,96.47,49.33,273.21,322.34,0.9891,1101.48,2235.83,0.7500
S1,P3-no-coverage,65,92,92,0,96.47,49.33,273.21,322.34,0.9891,1101.48,2235.83,0.7500
S1,P3-no-fatigue,65,92,92,0,96.47,49.33,273.21,322.34,0.9891,1101.48,2235.83,0.7500
S1,B1,66,94,94,0,81.28,51.90,194.79,258.71,1.0000,1194.21,2357.24,0.7333
S1,B2,66,94,94,0,94.31,55.44,223.62,277.35,1.0000,1194.21,2385.07,0.6000
S1,P1,66,94,94,0,118.43,69.17,296.78,325.55,1.0000,1194.21,2394.29,0.5000
S1,P2,66,94,94,0,118.43,69.17,296.78,325.55,1.0000,1194.21,2394.29,0.5000
S1,P3,66,94,94,0,118.43,69.17,296.78,325.55,1.0000,1194.21,2394.29,0.5000
S1,P3-no-redeploy,66,94,94,0,118.43,69.17,296.78,325.55,1.0000,1194.21,2394.29,0.5000
S1,P3-no-hosp,66,94,94,0,118.43,69.17,296.78,325.55,1.0000,1194.21,2394.29,0.5000
S1,P3-no-coverage,66,94,94,0,118.43,69.17,296.78,325.55,1.0000,1194.21,2394.29,0.5000
S1,P3-no-fatigue,66,94,94,0,118.43,69.17,296.78,325.55,1.0000,1194.21,2394.29,0.5000
S1,B1,67,100,100,0,77.10,46.18,215.50,269.05,1.0000,1331.73,2488.49,0.5000
S1,B2,67,100,100,0,80.21,51.53,210.19,269.05,1.0000,1331.73,2506.73,0.5769
S1,P1,67,100,100,0,94.24,60.16,230.52,269.38,0.9900,1331.73,2519.35,0.5769
S1,P2,67,100,100,0,94.24,60.16,230.52,269.38,0.9900,1331.73,2519.35,0.5769
S1,P3,67,100,100,0,94.24,60.16,230.52,269.38,0.9900,1331.73,2519.35,0.5769
S1,P3-no-redeploy,67,100,100,0,94.24,60.16,230.52,269.38,0.9900,1331.73,2519.35,0.5769
S1,P3-no-hosp,67,100,100,0,94.24,60.16,230.52,269.38,0.9900,1331.73,2519.35,0.5769
S1,P3-no-coverage,67,100,100,0,94.24,60.16,230.52,269.38,0.9900,1331.73,2519.35,0.5769
S1,P3-no-fatigue,67,100,100,0,94.24,60.16,230.52,269.38,0.9900,1331.73,2519.35,0.5769
S1,B1,68,105,105,0,84.16,51.71,205.55,258.62,1.0000,1182.28,2339.57,0.5128
S1,B2,68,105,105,0,85.39,52.99,205.58,281.09,1.0000,1182.28,2351.36,0.6410
S1,P1,68,105,105,0,106.39,57.24,285.81,346.47,1.0000,1182.28,2355.98,0.6154
S1,P2,68,105,105,0,106.39,57.24,285.81,346.47,1.0000,1182.28,2355.98,0.6154
S1,P3,68,105,105,0,106.39,57.24,285.81,346.47,1.0000,1182.28,2355.98,0.6154
S1,P3-no-redeploy,68,105,105,0,106.39,57.24,285.81,346.47,1.0000,1182.28,2355.98,0.6154
S1,P3-no-hosp,68,105,105,0,106.39,57.24,285.81,346.47,1.0000,1182.28,2355.98,0.6154
S1,P3-no-coverage,68,105,105,0,106.39,57.24,285.81,346.47,1.0000,1182.28,2355.98,0.6154
S1,P3-no-fatigue,68,105,105,0,106.39,57.24,285.81,346.47,1.0000,1182.28,2355.98,0.6154
S1,B1,69,92,92,0,65.97,46.18,156.71,190.01,1.0000,1264.94,2389.71,0.6000
S1,B2,69,92,92,0,73.43,50.19,173.69,194.35,1.0000,1264.94,2414.47,0.7200
S1,P1,69,92,92,0,89.35,49.37,227.52,271.64,0.9891,1264.94,2417.74,0.7200
S1,P2,69,92,92,0,89.35,49.37,227.52,271.64,0.9891,1264.94,2417.74,0.7200
S1,P3,69,92,92,0,89.35,49.37,227.52,271.64,0.9891,1264.94,2417.74,0.7200
S1,P3-no-redeploy,69,92,92,0,89.35,49.37,227.52,271.64,0.9891,1264.94,2417.74,0.7200
S1,P3-no-hosp,69,92,92,0,89.35,49.37,227.52,271.64,0.9891,1264.94,2417.74,0.7200
S1,P3-no-coverage,69,92,92,0,89.35,49.37,227.52,271.64,0.9891,1264.94,2417.74,0.7200
S1,P3-no-fatigue,69,92,92,0,89.35,49.37,227.52,271.64,0.9891,1264.94,2417.74,0.7200
S1,B1,70,86,86,0,86.58,60.84,206.53,229.43,1.0000,1135.60,2327.65,0.6875
S1,B2,70,86,86,0,97.33,76.94,206.53,267.87,1.0000,1135.60,2346.20,0.6875
S1,P1,70,86,86,0,99.50,68.74,231.27,251.89,1.0000,1135.60,2344.68,0.6250
S1,P2,70,86,86,0,99.50,68.74,231.27,251.89,1.0000,1135.60,2344.68,0.6250
S1,P3,70,86,86,0,99.50,68.74,231.27,251.89,1.0000,1135.60,2344.68,0.6250
S1,P3-no-redeploy,70,86,86,0,99.50,68.74,231.27,251.89,1.0000,1135.60,2344.68,0.6250
S1,P3-no-hosp,70,86,86,0,99.50,68.74,231.27,251.89,1.0000,1135.60,2344.68,0.6250
S1,P3-no-coverage,70,86,86,0,99.50,68.74,231.27,251.89,1.0000,1135.60,2344.68,0.6250
S1,P3-no-fatigue,70,86,86,0,99.50,68.74,231.27,251.89,1.0000,1135.60,2344.68,0.6250
S1,B1,71,93,93,0,77.51,45.49,194.63,281.47,1.0000,1233.50,2420.97,0.5263
S1,B2,71,93,93,0,87.99,51.19,215.87,281.47,0.9892,1233.50,2452.09,0.6316
S1,P1,71,93,93,0,105.35,56.61,241.34,331.79,0.9677,1233.50,2458.53,0.6316
S1,P2,71,93,93,0,105.35,56.61,241.34,331.79,0.9677,1233.50,2458.53,0.6316
S1,P3,71,93,93,0,105.35,56.61,241.34,331.79,0.9677,1233.50,2458.53,0.6316
S1,P3-no-redeploy,71,93,93,0,105.35,56.61,241.34,331.79,0.9677,1233.50,2458.53,0.6316
S1,P3-no-hosp,71,93,93,0,105.35,56.61,241.34,331.79,0.9677,1233.50,2458.53,0.6316
S1,P3-no-coverage,71,93,93,0,105.35,56.61,241.34,331.79,0.9677,1233.50,2458.53,0.6316
S1,P3-no-fatigue,71,93,93,0,105.35,56.61,241.34,331.79,0.9677,1233.50,2458.53,0.6316
S2,B1,42,229,229,0,115.11,75.92,252.68,293.62,1.0000,1224.58,2552.11,0.5593
S2,B2,42,229,229,0,131.44,92.48,270.28,306.87,0.9913,1224.58,2576.02,0.6017
S2,P1,42,229,228,1,160.18,122.35,353.56,431.40,0.9649,1224.58,2599.38,0.6017
S2,P2,42,229,228,1,160.18,122.35,353.56,431.40,0.9649,1224.58,2599.38,0.6017
S2,P3,42,229,228,1,159.62,124.33,341.80,431.40,0.9649,1224.58,2600.64,0.5847
S2,P3-no-redeploy,42,229,228,1,160.18,122.35,353.56,431.40,0.9649,1224.58,2599.38,0.6017
S2,P3-no-hosp,42,229,228,1,159.62,124.33,341.80,431.40,0.9649,1224.58,2600.64,0.5847
S2,P3-no-coverage,42,229,228,1,161.03,130.21,340.57,422.09,0.9693,1224.58,2596.62,0.5847
S2,P3-no-fatigue,42,229,228,1,159.62,124.33,341.80,431.40,0.9649,1224.58,2600.64,0.5847
S2,B1,43,273,270,3,129.03,94.45,297.17,363.46,1.0000,1178.48,2489.22,0.4298
S2,B2,43,273,270,3,136.83,109.57,297.17,362.17,1.0000,1178.48,2507.22,0.4876
S2,P1,43,273,269,4,153.32,123.53,347.85,393.53,0.9777,1179.44,2524.41,0.4793
S2,P2,43,273,269,4,153.32,123.53,347.85,393.53,0.9777,1179.44,2524.41,0.4793
S2,P3,43,273,269,4,152.69,121.23,347.85,393.53,0.9777,1179.44,2524.41,0.4793
S2,P3-no-redeploy,43,273,269,4,153.32,123.53,347.85,393.53,0.9777,1179.44,2524.41,0.4793
S2,P3-no-hosp,43,273,269,4,152.69,121.23,347.85,393.53,0.9777,1179.44,2524.41,0.4793
S2,P3-no-coverage,43,273,269,4,148.23,119.09,332.60,393.53,0.9851,1179.44,2516.20,0.4793
S2,P3-no-fatigue,43,273,269,4,152.69,121.23,347.85,393.53,0.9777,1179.44,2524.41,0.4793
S2,B1,44,241,239,2,132.47,101.29,279.94,341.70,0.9874,1195.73,2484.44,0.4915
S2,B2,44,241,238,3,140.80,108.13,300.62,379.23,0.9664,1198.96,2502.32,0.5641
S2,P1,44,241,239,2,162.95,137.38,331.56,448.35,0.9623,1198.96,2518.74,0.6068
S2,P2,44,241,239,2,162.95,137.38,331.56,448.35,0.9623,1198.96,2518.74,0.6068
S2,P3,44,241,240,1,159.42,120.94,345.38,448.35,0.9542,1195.73,2511.73,0.5593
S2,P3-no-redeploy,44,241,239,2,162.95,137.38,331.56,448.35,0.9623,1198.96,2518.74,0.6068
S2,P3-no-hosp,44,241,240,1,159.42,120.94,345.38,448.35,0.9542,1195.73,2511.73,0.5593
S2,P3-no-coverage,44,241,240,1,159.71,120.94,347.49,448.35,0.9542,1195.73,2511.91,0.5593
S2,P3-no-fatigue,44,241,240,1,159.42,120.94,345.38,448.35,0.9542,1195.73,2511.73,0.5593
S2,B1,45,265,262,3,143.79,99.38,298.66,399.44,0.9656,1173.33,2497.45,0.4851
S2,B2,45,265,263,2,151.27,106.36,322.53,431.00,0.9658,1173.33,2517.16,0.5672
S2,P1,45,265,261,4,175.84,153.91,369.38,464.27,0.9579,1169.53,2530.46,0.5149
S2,P2,45,265,261,4,175.84,153.91,369.38,464.27,0.9579,1169.53,2530.46,0.5149
S2,P3,45,265,261,4,170.08,136.02,372.09,464.27,0.9579,1169.53,2524.26,0.5224
S2,P3-no-redeploy,45,265,261,4,175.84,153.91,369.38,464.27,0.9579,1169.53,2530.46,0.5149
S2,P3-no-hosp,45,265,261,4,170.08,136.02,372.09,464.27,0.9579,1169.53,2524.26,0.5224
S2,P3-no-coverage,45,265,264,1,175.85,152.35,366.62,448.37,0.9621,1171.91,2540.82,0.5481
S2,P3-no-fatigue,45,265,261,4,170.08,136.02,372.09,464.27,0.9579,1169.53,2524.26,0.5224
S2,B1,46,231,231,0,111.62,77.31,259.47,288.99,1.0000,1162.44,2469.42,0.5431
S2,B2,46,231,231,0,129.96,88.40,279.27,332.45,0.9870,1162.44,2505.42,0.5948
S2,P1,46,231,231,0,166.91,141.80,322.53,404.92,0.9784,1162.44,2532.03,0.6121
S2,P2,46,231,231,0,166.91,141.80,322.53,404.92,0.9784,1162.44,2532.03,0.6121
S2,P3,46,231,231,0,166.91,141.80,322.53,404.92,0.9784,1162.44,2532.03,0.6121
S2,P3-no-redeploy,46,231,231,0,166.91,141.80,322.53,404.92,0.9784,1162.44,2532.03,0.6121
S2,P3-no-hosp,46,231,231,0,166.91,141.80,322.53,404.92,0.9784,1162.44,2532.03,0.6121
S2,P3-no-coverage,46,231,231,0,166.91,141.80,322.53,404.92,0.9784,1162.44,2532.03,0.6121
S2,P3-no-fatigue,46,231,231,0,166.91,141.80,322.53,404.92,0.9784,1162.44,2532.03,0.6121
S2,B1,47,259,259,0,123.47,91.27,263.62,305.67,0.9923,1156.45,2426.34,0.4963
S2,B2,47,259,259,0,131.51,95.27,276.40,352.13,0.9768,1156.45,2442.95,0.5259
S2,P1,47,259,259,0,161.55,130.07,351.51,400.09,0.9730,1156.45,2475.05,0.5556
S2,P2,47,259,259,0,161.55,130.07,351.51,400.09,0.9730,1156.45,2475.05,0.5556
S2,P3,47,259,259,0,161.55,130.07,351.51,400.09,0.9730,1156.45,2475.05,0.5556
S2,P3-no-redeploy,47,259,259,0,161.55,130.07,351.51,400.09,0.9730,1156.45,2475.05,0.5556
S2,P3-no-hosp,47,259,259,0,161.55,130.07,351.51,400.09,0.9730,1156.45,2475.05,0.5556
S2,P3-no-coverage,47,259,259,0,161.55,130.07,351.51,400.09,0.9730,1156.45,2475.05,0.5556
S2,P3-no-fatigue,47,259,259,0,161.55,130.07,351.51,400.09,0.9730,1156.45,2475.05,0.5556
S2,B1,48,269,269,0,123.17,94.71,244.45,304.16,0.9963,1238.03,2536.51,0.4741
S2,B2,48,269,269,0,137.84,115.85,276.80,355.75,0.9777,1238.03,2559.89,0.5481
S2,P1,48,269,269,0,170.50,149.87,365.28,417.99,0.9554,1238.03,2583.28,0.5333
S2,P2,48,269,269,0,170.50,149.87,365.28,417.99,0.9554,1238.03,2583.28,0.5333
S2,P3,48,269,269,0,170.50,149.87,365.28,417.99,0.9554,1238.03,2583.28,0.5333
S2,P3-no-redeploy,48,269,269,0,170.50,149.87,365.28,417.99,0.9554,1238.03,2583.28,0.5333
S2,P3-no-hosp,48,269,269,0,170.50,149.87,365.28,417.99,0.9554,1238.03,2583.28,0.5333
S2,P3-no-coverage,48,269,269,0,169.26,140.67,365.28,424.21,0.9554,1238.03,2587.58,0.5481
S2,P3-no-fatigue,48,269,269,0,170.50,149.87,365.28,417.99,0.9554,1238.03,2583.28,0.5333
S2,B1,49,266,262,4,132.47,98.11,289.10,361.86,0.9847,1201.39,2492.17,0.5076
S2,B2,49,266,261,5,144.66,106.70,299.43,399.96,0.9655,1199.88,2517.43,0.5263
S2,P1,49,266,260,6,170.07,128.48,391.27,480.47,0.9462,1199.28,2543.80,0.5496
S2,P2,49,266,260,6,170.07,128.48,391.27,480.47,0.9462,1199.28,2543.80,0.5496
S2,P3,49,266,260,6,173.40,140.76,391.99,480.47,0.9462,1199.28,2549.88,0.5649
S2,P3-no-redeploy,49,266,260,6,170.07,128.48,391.27,480.47,0.9462,1199.28,2543.80,0.5496
S2,P3-no-hosp,49,266,260,6,173.40,140.76,391.99,480.47,0.9462,1199.28,2549.88,0.5649
S2,P3-no-coverage,49,266,260,6,173.63,141.69,387.19,473.96,0.9500,1199.28,2548.52,0.5496
S2,P3-no-fatigue,49,266,260,6,173.40,140.76,391.99,480.47,0.9462,1199.28,2549.88,0.5649
S2,B1,50,226,226,0,135.42,96.38,275.86,319.86,0.9867,1193.87,2532.00,0.5289
S2,B2,50,226,226,0,140.39,102.99,290.82,368.38,0.9912,1193.87,2544.48,0.5620
S2,P1,50,226,226,0,151.93,130.10,316.30,389.84,0.9735,1193.87,2554.85,0.5868
S2,P2,50,226,226,0,151.93,130.10,316.30,389.84,0.9735,1193.87,2554.85,0.5868
S2,P3,50,226,226,0,151.93,130.10,316.30,389.84,0.9735,1193.87,2554.85,0.5868
S2,P3-no-redeploy,50,226,226,0,151.93,130.10,316.30,389.84,0.9735,1193.87,2554.85,0.5868
S2,P3-no-hosp,50,226,226,0,151.93,130.10,316.30,389.84,0.9735,1193.87,2554.85,0.5868
S2,P3-no-coverage,50,226,226,0,157.45,136.76,333.30,385.36,0.9779,1193.87,2555.42,0.6364
S2,P3-no-fatigue,50,226,226,0,151.93,130.10,316.30,389.84,0.9735,1193.87,2554.85,0.5868
S2,B1,51,259,257,2,128.55,92.22,278.08,310.87,0.9805,1163.68,2468.16,0.5078
S2,B2,51,259,257,2,144.71,99.91,305.53,376.77,0.9728,1163.68,2497.34,0.5391
S2,P1,51,259,258,1,172.22,132.80,371.67,480.83,0.9496,1163.68,2529.25,0.5781
S2,P2,51,259,258,1,172.22,132.80,371.67,480.83,0.9496,1163.68,2529.25,0.5781
S2,P3,51,259,258,1,172.22,132.80,371.67,480.83,0.9496,1163.68,2529.25,0.5781
S2,P3-no-redeploy,51,259,258,1,172.22,132.80,371.67,480.83,0.9496,1163.68,2529.25,0.5781
S2,P3-no-hosp,51,259,258,1,172.22,132.80,371.67,480.83,0.9496,1163.68,2529.25,0.5781
S2,P3-no-coverage,51,259,256,3,174.31,130.57,381.61,521.58,0.9414,1163.68,2531.64,0.5625
S2,P3-no-fatigue,51,259,258,1,172.22,132.80,371.67,480.83,0.9496,1163.68,2529.25,0.5781
S2,B1,52,254,254,0,137.50,108.81,290.55,350.80,0.9921,1289.22,2630.74,0.4961
S2,B2,52,254,254,0,154.62,141.80,321.67,353.99,0.9764,1289.22,2653.22,0.5581
S2,P1,52,254,254,0,183.10,156.26,394.27,503.97,0.9449,1289.22,2672.65,0.5349
S2,P2,52,254,254,0,183.10,156.26,394.27,503.97,0.9449,1289.22,2672.65,0.5349
S2,P3,52,254,254,0,183.10,156.26,394.27,503.97,0.9449,1289.22,2672.65,0.5349
S2,P3-no-redeploy,52,254,254,0,183.10,156.26,394.27,503.97,0.9449,1289.22,2672.65,0.5349
S2,P3-no-hosp,52,254,254,0,183.10,156.26,394.27,503.97,0.9449,1289.22,2672.65,0.5349
S2,P3-no-coverage,52,254,254,0,186.28,164.34,379.64,479.36,0.9528,1289.22,2684.28,0.5349
S2,P3-no-fatigue,52,254,254,0,183.10,156.26,394.27,503.97,0.9449,1289.22,2672.65,0.5349
S2,B1,53,252,251,1,117.52,81.23,255.46,323.41,0.9960,1188.60,2504.50,0.5703
S2,B2,53,252,251,1,127.21,89.22,262.91,357.59,0.9841,1188.60,2524.18,0.5703
S2,P1,53,252,251,1,154.89,108.82,332.00,433.49,0.9641,1188.60,2558.22,0.6016
S2,P2,53,252,251,1,154.89,108.82,332.00,433.49,0.9641,1188.60,2558.22,0.6016
S2,P3,53,252,251,1,151.68,104.08,328.22,403.66,0.9721,1188.60,2552.89,0.6094
S2,P3-no-redeploy,53,252,251,1,154.89,108.82,332.00,433.49,0.9641,1188.60,2558.22,0.6016
S2,P3-no-hosp,53,252,251,1,151.68,104.08,328.22,403.66,0.9721,1188.60,2552.89,0.6094
S2,P3-no-coverage,53,252,250,2,155.04,99.39,349.20,438.86,0.9560,1188.60,2556.83,0.6328
S2,P3-no-fatigue,53,252,251,1,151.68,104.08,328.22,403.66,0.9721,1188.60,2552.89,0.6094
S2,B1,54,254,253,1,127.72,92.21,287.41,344.24,0.9842,1205.65,2533.66,0.5591
S2,B2,54,254,253,1,133.84,93.30,303.47,352.77,0.9802,1205.65,2546.90,0.5512
S2,P1,54,254,252,2,155.40,115.48,336.43,428.55,0.9683,1205.65,2573.74,0.6142
S2,P2,54,254,252,2,155.40,115.48,336.43,428.55,0.9683,1205.65,2573.74,0.6142
S2,P3,54,254,252,2,156.73,118.38,336.43,432.84,0.9683,1205.65,2572.90,0.6142
S2,P3-no-redeploy,54,254,252,2,155.40,115.48,336.43,428.55,0.9683,1205.65,2573.74,0.6142
S2,P3-no-hosp,54,254,252,2,156.73,118.38,336.43,432.84,0.9683,1205.65,2572.90,0.6142
S2,P3-no-coverage,54,254,252,2,149.81,109.26,324.55,416.01,0.9683,1205.65,2566.00,0.6299
S2,P3-no-fatigue,54,254,252,2,156.73,118.38,336.43,432.84,0.9683,1205.65,2572.90,0.6142
S2,B1,55,282,278,4,133.16,89.10,284.16,332.41,0.9820,1180.13,2491.34,0.5248
S2,B2,55,282,277,5,152.65,111.97,327.21,377.61,0.9819,1180.48,2521.57,0.6071
S2,P1,55,282,277,5,186.79,156.39,377.61,486.33,0.9495,1177.09,2546.65,0.6312
S2,P2,55,282,277,5,186.79,156.39,377.61,486.33,0.9495,1177.09,2546.65,0.6312
S2,P3,55,282,277,5,177.75,158.35,363.74,465.28,0.9567,1177.09,2535.05,0.6170
S2,P3-no-redeploy,55,282,277,5,186.79,156.39,377.61,486.33,0.9495,1177.09,2546.65,0.6312
S2,P3-no-hosp,55,282,277,5,177.75,158.35,363.74,465.28,0.9567,1177.09,2535.05,0.6170
S2,P3-no-coverage,55,282,277,5,177.09,142.35,364.33,465.82,0.9567,1177.09,2537.40,0.6241
S2,P3-no-fatigue,55,282,277,5,177.75,158.35,363.74,465.28,0.9567,1177.09,2535.05,0.6170
S2,B1,56,230,224,6,133.09,96.48,288.82,364.90,0.9866,1276.16,2599.41,0.5179
S2,B2,56,230,224,6,143.58,105.03,312.13,377.68,0.9777,1276.16,2619.23,0.5179
S2,P1,56,230,224,6,153.93,123.02,306.39,364.90,0.9777,1264.93,2607.48,0.5982
S2,P2,56,230,224,6,153.93,123.02,306.39,364.90,0.9777,1264.93,2607.48,0.5982
S2,P3,56,230,224,6,157.47,130.01,306.51,387.20,0.9777,1264.93,2610.75,0.5804
S2,P3-no-redeploy,56,230,224,6,153.93,123.02,306.39,364.90,0.9777,1264.93,2607.48,0.5982
S2,P3-no-hosp,56,230,224,6,157.47,130.01,306.51,387.20,0.9777,1264.93,2610.75,0.5804
S2,P3-no-coverage,56,230,224,6,161.05,138.61,308.91,388.53,0.9777,1264.93,2617.99,0.5804
S2,P3-no-fatigue,56,230,224,6,157.47,130.01,306.51,387.20,0.9777,1264.93,2610.75,0.5804
S2,B1,57,278,272,6,125.91,85.76,276.25,357.04,0.9890,1169.36,2491.42,0.5069
S2,B2,57,278,271,7,143.44,103.36,308.12,376.80,0.9705,1161.01,2515.47,0.5793
S2,P1,57,278,272,6,166.00,121.83,360.47,452.30,0.9669,1159.71,2538.96,0.5517
S2,P2,57,278,272,6,166.00,121.83,360.47,452.30,0.9669,1159.71,2538.96,0.5517
S2,P3,57,278,272,6,163.25,121.35,356.82,452.30,0.9669,1159.71,2535.11,0.5586
S2,P3-no-redeploy,57,278,272,6,166.00,121.83,360.47,452.30,0.9669,1159.71,2538.96,0.5517
S2,P3-no-hosp,57,278,272,6,163.25,121.35,356.82,452.30,0.9669,1159.71,2535.11,0.5586
S2,P3-no-coverage,57,278,270,8,172.84,133.61,360.47,475.99,0.9519,1164.67,2556.27,0.5833
S2,P3-no-fatigue,57,278,272,6,163.25,121.35,356.82,452.30,0.9669,1159.71,2535.11,0.5586
S2,B1,58,255,255,0,109.45,68.99,259.85,323.45,1.0000,1256.03,2508.38,0.5537
S2,B2,58,255,254,1,116.87,73.50,262.49,327.77,0.9843,1256.03,2535.29,0.5702
S2,P1,58,255,253,2,152.58,104.19,388.33,467.05,0.9644,1254.37,2565.33,0.5917
S2,P2,58,255,253,2,152.58,104.19,388.33,467.05,0.9644,1254.37,2565.33,0.5917
S2,P3,58,255,253,2,153.18,104.08,392.14,469.90,0.9605,1254.37,2568.85,0.6083
S2,P3-no-redeploy,58,255,253,2,152.58,104.19,388.33,467.05,0.9644,1254.37,2565.33,0.5917
S2,P3-no-hosp,58,255,253,2,153.18,104.08,392.14,469.90,0.9605,1254.37,2568.85,0.6083
S2,P3-no-coverage,58,255,253,2,153.39,104.19,388.33,469.90,0.9605,1254.37,2568.82,0.6167
S2,P3-no-fatigue,58,255,253,2,153.18,104.08,392.14,469.90,0.9605,1254.37,2568.85,0.6083
S2,B1,59,219,219,0,129.46,94.80,288.88,335.47,0.9909,1218.96,2537.09,0.5514
S2,B2,59,219,219,0,134.95,96.79,302.95,410.00,0.9726,1218.96,2561.71,0.6168
S2,P1,59,219,219,0,163.20,122.86,376.80,464.23,0.9589,1218.96,2583.12,0.6542
S2,P2,59,219,219,0,163.20,122.86,376.80,464.23,0.9589,1218.96,2583.12,0.6542
S2,P3,59,219,219,0,163.20,122.86,376.80,464.23,0.9589,1218.96,2583.12,0.6542
S2,P3-no-redeploy,59,219,219,0,163.20,122.86,376.80,464.23,0.9589,1218.96,2583.12,0.6542
S2,P3-no-hosp,59,219,219,0,163.20,122.86,376.80,464.23,0.9589,1218.96,2583.12,0.6542
S2,P3-no-coverage,59,219,219,0,163.20,122.86,376.80,464.23,0.9589,1218.96,2583.12,0.6542
S2,P3-no-fatigue,59,219,219,0,163.20,122.86,376.80,464.23,0.9589,1218.96,2583.12,0.6542
S2,B1,60,262,262,0,117.14,79.77,252.34,318.46,0.9924,1215.86,2477.55,0.5071
S2,B2,60,262,262,0,131.13,93.18,272.45,327.99,0.9847,1215.86,2499.14,0.5143
S2,P1,60,262,261,1,167.50,136.10,338.48,437.48,0.9655,1216.40,2534.34,0.5108
S2,P2,60,262,261,1,167.50,136.10,338.48,437.48,0.9655,1216.40,2534.34,0.5108
S2,P3,60,262,261,1,165.80,133.58,338.48,437.48,0.9655,1216.40,2532.87,0.5108
S2,P3-no-redeploy,60,262,261,1,167.50,136.10,338.48,437.48,0.9655,1216.40,2534.34,0.5108
S2,P3-no-hosp,60,262,261,1,165.80,133.58,338.48,437.48,0.9655,1216.40,2532.87,0.5108
S2,P3-no-coverage,60,262,261,1,169.98,146.36,333.68,437.48,0.9655,1216.40,2535.71,0.5324
S2,P3-no-fatigue,60,262,261,1,165.80,133.58,338.48,437.48,0.9655,1216.40,2532.87,0.5108
S2,B1,61,260,260,0,146.73,114.59,315.63,383.55,0.9885,1236.66,2585.67,0.5238
S2,B2,61,260,260,0,158.72,127.68,352.18,435.99,0.9692,1236.66,2607.75,0.4921
S2,P1,61,260,260,0,183.98,148.19,411.76,483.06,0.9462,1236.66,2639.55,0.5159
S2,P2,61,260,260,0,183.98,148.19,411.76,483.06,0.9462,1236.66,2639.55,0.5159
S2,P3,61,260,260,0,187.81,148.19,418.27,483.06,0.9462,1236.66,2644.01,0.5317
S2,P3-no-redeploy,61,260,260,0,183.98,148.19,411.76,483.06,0.9462,1236.66,2639.55,0.5159
S2,P3-no-hosp,61,260,260,0,187.81,148.19,418.27,483.06,0.9462,1236.66,2644.01,0.5317
S2,P3-no-coverage,61,260,260,0,183.19,155.65,379.89,473.57,0.9500,1236.66,2629.74,0.5476
S2,P3-no-fatigue,61,260,260,0,187.81,148.19,418.27,483.06,0.9462,1236.66,2644.01,0.5317
S2,B1,62,237,235,2,134.12,100.91,306.47,387.63,0.9957,1139.52,2479.70,0.5603
S2,B2,62,237,235,2,138.22,105.96,313.24,374.76,0.9915,1139.52,2491.62,0.5776
S2,P1,62,237,235,2,173.43,143.67,384.43,468.87,0.9574,1139.52,2524.30,0.5431
S2,P2,62,237,235,2,173.43,143.67,384.43,468.87,0.9574,1139.52,2524.30,0.5431
S2,P3,62,237,235,2,173.43,143.67,384.43,468.87,0.9574,1139.52,2524.30,0.5431
S2,P3-no-redeploy,62,237,235,2,173.43,143.67,384.43,468.87,0.9574,1139.52,2524.30,0.5431
S2,P3-no-hosp,62,237,235,2,173.43,143.67,384.43,468.87,0.9574,1139.52,2524.30,0.5431
S2,P3-no-coverage,62,237,235,2,170.14,143.52,381.26,436.68,0.9617,1139.52,2519.16,0.5086
S2,P3-no-fatigue,62,237,235,2,173.43,143.67,384.43,468.87,0.9574,1139.52,2524.30,0.5431
S2,B1,63,243,238,5,122.48,69.55,294.82,336.39,0.9832,1150.95,2448.04,0.5652
S2,B2,63,243,240,3,132.77,85.22,304.21,348.48,0.9833,1150.40,2476.68,0.5431
S2,P1,63,243,240,3,152.87,104.29,341.18,437.17,0.9625,1150.40,2487.21,0.6207
S2,P2,63,243,240,3,152.87,104.29,341.18,437.17,0.9625,1150.40,2487.21,0.6207
S2,P3,63,243,240,3,154.95,112.09,341.18,409.08,0.9667,1150.40,2489.75,0.5948
S2,P3-no-redeploy,63,243,240,3,152.87,104.29,341.18,437.17,0.9625,1150.40,2487.21,0.6207
S2,P3-no-hosp,63,243,240,3,154.95,112.09,341.18,409.08,0.9667,1150.40,2489.75,0.5948
S2,P3-no-coverage,63,243,240,3,153.58,112.09,325.67,409.08,0.9708,1150.40,2488.68,0.5690
S2,P3-no-fatigue,63,243,240,3,154.95,112.09,341.18,409.08,0.9667,1150.40,2489.75,0.5948
S2,B1,64,261,261,0,130.94,96.88,289.53,367.56,0.9808,1169.51,2441.66,0.4961
S2,B2,64,261,261,0,138.83,110.71,289.28,377.96,0.9770,1169.51,2460.01,0.5748
S2,P1,64,261,261,0,166.04,138.83,328.12,435.83,0.9655,1169.51,2488.03,0.5669
S2,P2,64,261,261,0,166.04,138.83,328.12,435.83,0.9655,1169.51,2488.03,0.5669
S2,P3,64,261,261,0,163.93,135.99,328.12,409.13,0.9693,1169.51,2484.58,0.5669
S2,P3-no-redeploy,64,261,261,0,166.04,138.83,328.12,435.83,0.9655,1169.51,2488.03,0.5669
S2,P3-no-hosp,64,261,261,0,163.93,135.99,328.12,409.13,0.9693,1169.51,2484.58,0.5669
S2,P3-no-coverage,64,261,261,0,162.83,130.32,331.47,468.28,0.9579,1169.51,2483.93,0.5906
S2,P3-no-fatigue,64,261,261,0,163.93,135.99,328.12,409.13,0.9693,1169.51,2484.58,0.5669
S2,B1,65,255,255,0,120.36,86.25,262.96,320.48,0.9961,1230.79,2528.26,0.5194
S2,B2,65,255,255,0,130.57,97.00,277.79,357.27,0.9882,1230.79,2547.43,0.5581
S2,P1,65,255,255,0,155.02,121.21,347.18,425.54,0.9686,1230.79,2569.24,0.5814
S2,P2,65,255,255,0,155.02,121.21,347.18,425.54,0.9686,1230.79,2569.24,0.5814
S2,P3,65,255,255,0,155.02,121.21,347.18,425.54,0.9686,1230.79,2569.24,0.5814
S2,P3-no-redeploy,65,255,255,0,155.02,121.21,347.18,425.54,0.9686,1230.79,2569.24,0.5814
S2,P3-no-hosp,65,255,255,0,155.02,121.21,347.18,425.54,0.9686,1230.79,2569.24,0.5814
S2,P3-no-coverage,65,255,255,0,153.68,113.99,347.18,425.54,0.9686,1230.79,2566.37,0.5581
S2,P3-no-fatigue,65,255,255,0,155.02,121.21,347.18,425.54,0.9686,1230.79,2569.24,0.5814
S2,B1,66,257,254,3,132.93,94.94,287.92,376.51,0.9764,1219.31,2554.35,0.4848
S2,B2,66,257,254,3,149.55,99.42,368.73,447.11,0.9528,1219.31,2583.73,0.5303
S2,P1,66,257,254,3,164.86,133.52,403.55,484.59,0.9488,1224.91,2595.24,0.5496
S2,P2,66,257,254,3,164.86,133.52,403.55,484.59,0.9488,1224.91,2595.24,0.5496
S2,P3,66,257,254,3,166.62,134.84,411.53,484.59,0.9488,1224.91,2595.24,0.5496
S2,P3-no-redeploy,66,257,254,3,164.86,133.52,403.55,484.59,0.9488,1224.91,2595.24,0.5496
S2,P3-no-hosp,66,257,254,3,166.62,134.84,411.53,484.59,0.9488,1224.91,2595.24,0.5496
S2,P3-no-coverage,66,257,254,3,165.23,130.80,403.55,486.72,0.9449,1224.91,2594.82,0.5344
S2,P3-no-fatigue,66,257,254,3,166.62,134.84,411.53,484.59,0.9488,1224.91,2595.24,0.5496
S2,B1,67,260,257,3,133.41,95.37,294.47,371.79,0.9883,1203.85,2452.63,0.5102
S2,B2,67,260,257,3,141.45,96.68,324.22,358.85,0.9844,1203.85,2472.11,0.5646
S2,P1,67,260,257,3,190.80,173.82,420.04,492.17,0.9455,1198.59,2513.61,0.5170
S2,P2,67,260,257,3,190.80,173.82,420.04,492.17,0.9455,1198.59,2513.61,0.5170
S2,P3,67,260,257,3,190.23,173.82,420.04,492.17,0.9455,1198.59,2512.79,0.5170
S2,P3-no-redeploy,67,260,257,3,190.80,173.82,420.04,492.17,0.9455,1198.59,2513.61,0.5170
S2,P3-no-hosp,67,260,257,3,190.23,173.82,420.04,492.17,0.9455,1198.59,2512.79,0.5170
S2,P3-no-coverage,67,260,257,3,190.51,173.82,420.04,492.17,0.9455,1198.59,2513.19,0.5034
S2,P3-no-fatigue,67,260,257,3,190.23,173.82,420.04,492.17,0.9455,1198.59,2512.79,0.5170
S2,B1,68,251,251,0,120.81,87.68,251.65,287.90,1.0000,1169.33,2437.06,0.4697
S2,B2,68,251,250,1,136.73,96.15,282.65,365.34,0.9840,1169.33,2462.23,0.5303
S2,P1,68,251,250,1,163.01,139.59,353.26,417.18,0.9800,1168.12,2496.57,0.4733
S2,P2,68,251,250,1,163.01,139.59,353.26,417.18,0.9800,1168.12,2496.57,0.4733
S2,P3,68,251,250,1,163.01,139.59,353.26,417.18,0.9800,1168.12,2496.57,0.4733
S2,P3-no-redeploy,68,251,250,1,163.01,139.59,353.26,417.18,0.9800,1168.12,2496.57,0.4733
S2,P3-no-hosp,68,251,250,1,163.01,139.59,353.26,417.18,0.9800,1168.12,2496.57,0.4733
S2,P3-no-coverage,68,251,250,1,159.46,133.53,336.06,421.68,0.9760,1168.12,2491.13,0.4733
S2,P3-no-fatigue,68,251,250,1,163.01,139.59,353.26,417.18,0.9800,1168.12,2496.57,0.4733
S2,B1,69,265,264,1,131.25,81.57,275.42,360.48,0.9848,1250.92,2581.09,0.5000
S2,B2,69,265,265,0,133.46,89.42,293.46,379.81,0.9887,1250.92,2595.96,0.5000
S2,P1,69,265,265,0,157.15,112.75,329.31,418.97,0.9736,1250.92,2624.19,0.5000
S2,P2,69,265,265,0,157.15,112.75,329.31,418.97,0.9736,1250.92,2624.19,0.5000
S2,P3,69,265,265,0,157.87,112.58,331.35,421.72,0.9698,1250.92,2624.19,0.5000
S2,P3-no-redeploy,69,265,265,0,157.15,112.75,329.31,418.97,0.9736,1250.92,2624.19,0.5000
S2,P3-no-hosp,69,265,265,0,157.87,112.58,331.35,421.72,0.9698,1250.92,2624.19,0.5000
S2,P3-no-coverage,69,265,265,0,157.87,112.58,331.35,421.72,0.9698,1250.92,2624.19,0.5000
S2,P3-no-fatigue,69,265,265,0,157.87,112.58,331.35,421.72,0.9698,1250.92,2624.19,0.5000
S2,B1,70,291,279,12,127.14,90.13,289.12,359.85,0.9928,1197.75,2553.96,0.4803
S2,B2,70,291,278,13,148.01,91.54,330.33,413.58,0.9712,1202.61,2596.09,0.5984
S2,P1,70,291,277,14,171.13,128.23,401.41,459.81,0.9639,1203.33,2621.80,0.5859
S2,P2,70,291,277,14,171.13,128.23,401.41,459.81,0.9639,1203.33,2621.80,0.5859
S2,P3,70,291,276,15,171.22,129.22,384.95,464.28,0.9565,1194.34,2611.63,0.5794
S2,P3-no-redeploy,70,291,277,14,171.13,128.23,401.41,459.81,0.9639,1203.33,2621.80,0.5859
S2,P3-no-hosp,70,291,276,15,171.22,129.22,384.95,464.28,0.9565,1194.34,2611.63,0.5794
S2,P3-no-coverage,70,291,277,14,167.93,129.22,377.27,439.37,0.9711,1200.11,2619.01,0.5748
S2,P3-no-fatigue,70,291,276,15,171.22,129.22,384.95,464.28,0.9565,1194.34,2611.63,0.5794
S2,B1,71,252,247,5,146.49,95.28,324.65,420.23,0.9636,1235.93,2591.09,0.5420
S2,B2,71,252,246,6,160.62,115.26,367.85,442.27,0.9634,1247.58,2627.57,0.5649
S2,P1,71,252,248,4,184.20,134.22,405.52,558.42,0.9234,1238.76,2632.91,0.5154
S2,P2,71,252,248,4,184.20,134.22,405.52,558.42,0.9234,1238.76,2632.91,0.5154
S2,P3,71,252,248,4,181.79,134.79,399.50,548.94,0.9315,1238.76,2627.09,0.5154
S2,P3-no-redeploy,71,252,248,4,184.20,134.22,405.52,558.42,0.9234,1238.76,2632.91,0.5154
S2,P3-no-hosp,71,252,248,4,181.79,134.79,399.50,548.94,0.9315,1238.76,2627.09,0.5154
S2,P3-no-coverage,71,252,248,4,183.61,140.60,408.22,503.16,0.9315,1246.14,2635.71,0.5115
S2,P3-no-fatigue,71,252,248,4,181.79,134.79,399.50,548.94,0.9315,1238.76,2627.09,0.5154
S3,B1,42,70,70,0,162.92,80.77,429.40,702.60,0.9286,1152.03,2780.94,0.3750
S3,B2,42,70,70,0,274.96,104.99,726.20,1113.26,0.8143,1152.03,3047.91,0.5417
S3,P1,42,70,70,0,283.22,104.99,736.94,1113.26,0.8143,1152.03,3033.71,0.5000
S3,P2,42,70,70,0,283.22,104.99,736.94,1113.26,0.8143,1152.03,3033.71,0.5000
S3,P3,42,70,70,0,282.68,104.99,736.94,1113.26,0.8143,1152.03,3033.37,0.5417
S3,P3-no-redeploy,42,70,70,0,283.22,104.99,736.94,1113.26,0.8143,1152.03,3033.71,0.5000
S3,P3-no-hosp,42,70,70,0,282.68,104.99,736.94,1113.26,0.8143,1152.03,3033.37,0.5417
S3,P3-no-coverage,42,70,70,0,282.83,104.99,736.94,1113.26,0.8143,1152.03,3022.69,0.5417
S3,P3-no-fatigue,42,70,70,0,282.68,104.99,736.94,1113.26,0.8143,1152.03,3033.37,0.5417
S3,B1,43,65,65,0,166.96,88.34,417.07,479.09,0.9538,1111.56,2825.50,0.5652
S3,B2,43,65,65,0,208.66,100.30,479.09,701.43,0.9077,1111.56,2909.82,0.6087
S3,P1,43,65,65,0,208.66,100.30,479.09,701.43,0.9077,1111.56,2909.82,0.6087
S3,P2,43,65,65,0,208.66,100.30,479.09,701.43,0.9077,1111.56,2909.82,0.6087
S3,P3,43,65,65,0,208.66,100.30,479.09,701.43,0.9077,1111.56,2909.82,0.6087
S3,P3-no-redeploy,43,65,65,0,208.66,100.30,479.09,701.43,0.9077,1111.56,2909.82,0.6087
S3,P3-no-hosp,43,65,65,0,208.66,100.30,479.09,701.43,0.9077,1111.56,2909.82,0.6087
S3,P3-no-coverage,43,65,65,0,208.66,100.30,479.09,701.43,0.9077,1111.56,2909.82,0.6087
S3,P3-no-fatigue,43,65,65,0,208.66,100.30,479.09,701.43,0.9077,1111.56,2909.82,0.6087
S3,B1,44,58,58,0,128.85,80.99,300.88,407.68,1.0000,1402.15,2881.67,0.6000
S3,B2,44,58,58,0,155.09,81.41,351.94,539.72,0.9828,1402.15,2944.59,0.6500
S3,P1,44,58,58,0,155.66,81.41,351.94,539.72,0.9828,1402.15,2944.59,0.6500
S3,P2,44,58,58,0,155.66,81.41,351.94,539.72,0.9828,1402.15,2944.59,0.6500
S3,P3,44,58,58,0,155.66,81.41,351.94,539.72,0.9828,1402.15,2944.59,0.6500
S3,P3-no-redeploy,44,58,58,0,155.66,81.41,351.94,539.72,0.9828,1402.15,2944.59,0.6500
S3,P3-no-hosp,44,58,58,0,155.66,81.41,351.94,539.72,0.9828,1402.15,2944.59,0.6500
S3,P3-no-coverage,44,58,58,0,155.66,81.41,351.94,539.72,0.9828,1402.15,2944.59,0.6500
S3,P3-no-fatigue,44,58,58,0,155.66,81.41,351.94,539.72,0.9828,1402.15,2944.59,0.6500
S3,B1,45,60,60,0,133.66,86.80,317.88,338.55,1.0000,1068.21,2618.30,0.5417
S3,B2,45,60,60,0,162.22,111.52,362.16,471.79,0.9833,1068.21,2660.73,0.6667
S3,P1,45,60,60,0,180.70,123.74,453.27,506.70,0.9667,1068.21,2685.18,0.6250
S3,P2,45,60,60,0,180.70,123.74,453.27,506.70,0.9667,1068.21,2685.18,0.6250
S3,P3,45,60,60,0,180.70,123.74,453.27,506.70,0.9667,1068.21,2685.18,0.6250
S3,P3-no-redeploy,45,60,60,0,180.70,123.74,453.27,506.70,0.9667,1068.21,2685.18,0.6250
S3,P3-no-hosp,45,60,60,0,180.70,123.74,453.27,506.70,0.9667,1068.21,2685.18,0.6250
S3,P3-no-coverage,45,60,60,0,180.70,123.74,453.27,506.70,0.9667,1068.21,2685.18,0.6250
S3,P3-no-fatigue,45,60,60,0,180.70,123.74,453.27,506.70,0.9667,1068.21,2685.18,0.6250
S3,B1,46,70,70,0,148.08,90.13,306.79,392.26,0.9714,1105.26,2614.79,0.7778
S3,B2,46,70,70,0,215.78,92.05,546.34,931.18,0.9000,1105.26,2784.38,0.6667
S3,P1,46,70,70,0,177.79,79.11,379.63,615.95,0.9286,1105.26,2715.26,0.6667
S3,P2,46,70,70,0,177.79,79.11,379.63,615.95,0.9286,1105.26,2715.26,0.6667
S3,P3,46,70,70,0,177.79,79.11,379.63,615.95,0.9286,1105.26,2715.26,0.6667
S3,P3-no-redeploy,46,70,70,0,177.79,79.11,379.63,615.95,0.9286,1105.26,2715.26,0.6667
S3,P3-no-hosp,46,70,70,0,177.79,79.11,379.63,615.95,0.9286,1105.26,2715.26,0.6667
S3,P3-no-coverage,46,70,70,0,177.79,79.11,379.63,615.95,0.9286,1105.26,2715.26,0.6667
S3,P3-no-fatigue,46,70,70,0,177.79,79.11,379.63,615.95,0.9286,1105.26,2715.26,0.6667
S3,B1,47,63,63,0,122.13,95.07,268.73,282.23,0.9841,1301.63,2701.80,0.6087
S3,B2,47,63,63,0,153.48,94.05,305.20,529.33,0.9524,1301.63,2780.13,0.4783
S3,P1,47,63,63,0,150.82,95.23,304.02,529.33,0.9683,1301.63,2752.87,0.4783
S3,P2,47,63,63,0,150.82,95.23,304.02,529.33,0.9683,1301.63,2752.87,0.4783
S3,P3,47,63,63,0,150.82,95.23,304.02,529.33,0.9683,1301.63,2752.87,0.4783
S3,P3-no-redeploy,47,63,63,0,150.82,95.23,304.02,529.33,0.9683,1301.63,2752.87,0.4783
S3,P3-no-hosp,47,63,63,0,150.82,95.23,304.02,529.33,0.9683,1301.63,2752.87,0.4783
S3,P3-no-coverage,47,63,63,0,150.82,95.23,304.02,529.33,0.9683,1301.63,2752.87,0.4783
S3,P3-no-fatigue,47,63,63,0,150.82,95.23,304.02,529.33,0.9683,1301.63,2752.87,0.4783
S3,B1,48,70,70,0,201.04,95.70,336.11,604.65,0.9286,1396.08,3315.53,0.5417
S3,B2,48,70,70,0,245.57,135.24,603.01,827.00,0.8857,1396.08,3392.81,0.5000
S3,P1,48,70,70,0,271.10,146.62,787.79,966.21,0.8571,1396.08,3434.72,0.5000
S3,P2,48,70,70,0,271.10,146.62,787.79,966.21,0.8571,1396.08,3434.72,0.5000
S3,P3,48,70,70,0,271.10,146.62,787.79,966.21,0.8571,1396.08,3434.72,0.5000
S3,P3-no-redeploy,48,70,70,0,271.10,146.62,787.79,966.21,0.8571,1396.08,3434.72,0.5000
S3,P3-no-hosp,48,70,70,0,271.10,146.62,787.79,966.21,0.8571,1396.08,3434.72,0.5000
S3,P3-no-coverage,48,70,70,0,271.10,146.62,787.79,966.21,0.8571,1396.08,3434.72,0.5000
S3,P3-no-fatigue,48,70,70,0,271.10,146.62,787.79,966.21,0.8571,1396.08,3434.72,0.5000
S3,B1,49,72,72,0,139.51,70.28,314.85,378.01,0.9861,1343.45,2845.81,0.3636
S3,B2,49,72,72,0,214.79,92.88,465.76,875.31,0.9306,1343.45,2995.74,0.4091
S3,P1,49,72,72,0,277.48,128.21,749.91,875.31,0.8611,1343.45,3057.13,0.5000
S3,P2,49,72,72,0,277.48,128.21,749.91,875.31,0.8611,1343.45,3057.13,0.5000
S3,P3,49,72,72,0,277.48,128.21,749.91,875.31,0.8611,1343.45,3057.13,0.5000
S3,P3-no-redeploy,49,72,72,0,277.48,128.21,749.91,875.31,0.8611,1343.45,3057.13,0.5000
S3,P3-no-hosp,49,72,72,0,277.48,128.21,749.91,875.31,0.8611,1343.45,3057.13,0.5000
S3,P3-no-coverage,49,72,72,0,277.48,128.21,749.91,875.31,0.8611,1343.45,3057.13,0.5000
S3,P3-no-fatigue,49,72,72,0,277.48,128.21,749.91,875.31,0.8611,1343.45,3057.13,0.5000
S3,B1,50,59,59,0,174.24,80.54,572.93,846.95,0.9153,1000.00,2755.13,0.4000
S3,B2,50,59,59,0,174.62,79.92,572.93,846.95,0.9153,1000.00,2758.50,0.4000
S3,P1,50,59,59,0,205.78,98.92,725.02,1024.33,0.8814,1000.00,2884.42,0.4000
S3,P2,50,59,59,0,205.78,98.92,725.02,1024.33,0.8814,1000.00,2884.42,0.4000
S3,P3,50,59,59,0,205.78,98.92,725.02,1024.33,0.8814,1000.00,2884.42,0.4000
S3,P3-no-redeploy,50,59,59,0,205.78,98.92,725.02,1024.33,0.8814,1000.00,2884.42,0.4000
S3,P3-no-hosp,50,59,59,0,205.78,98.92,725.02,1024.33,0.8814,1000.00,2884.42,0.4000
S3,P3-no-coverage,50,59,59,0,205.78,98.92,725.02,1024.33,0.8814,1000.00,2884.42,0.4000
S3,P3-no-fatigue,50,59,59,0,205.78,98.92,725.02,1024.33,0.8814,1000.00,2884.42,0.4000
S3,B1,51,66,66,0,166.42,80.43,428.38,644.31,0.9242,1039.34,2825.17,0.5556
S3,B2,51,66,66,0,211.65,101.41,625.33,719.21,0.8788,1039.34,2935.97,0.7037
S3,P1,51,66,66,0,213.17,101.41,625.33,719.21,0.8788,1039.34,2939.45,0.6667
S3,P2,51,66,66,0,213.17,101.41,625.33,719.21,0.8788,1039.34,2939.45,0.6667
S3,P3,51,66,66,0,213.17,101.41,625.33,719.21,0.8788,1039.34,2939.45,0.6667
S3,P3-no-redeploy,51,66,66,0,213.17,101.41,625.33,719.21,0.8788,1039.34,2939.45,0.6667
S3,P3-no-hosp,51,66,66,0,213.17,101.41,625.33,719.21,0.8788,1039.34,2939.45,0.6667
S3,P3-no-coverage,51,66,66,0,213.17,101.41,625.33,719.21,0.8788,1039.34,2939.45,0.6667
S3,P3-no-fatigue,51,66,66,0,213.17,101.41,625.33,719.21,0.8788,1039.34,2939.45,0.6667
S3,B1,52,66,66,0,196.59,93.17,495.58,718.58,0.9091,1384.56,3071.15,0.4348
S3,B2,52,66,66,0,256.05,108.45,718.58,771.41,0.8182,1384.56,3199.18,0.3478
S3,P1,52,66,66,0,280.88,108.45,737.43,915.61,0.8030,1384.56,3250.44,0.4348
S3,P2,52,66,66,0,280.88,108.45,737.43,915.61,0.8030,1384.56,3250.44,0.4348
S3,P3,52,66,66,0,280.88,108.45,737.43,915.61,0.8030,1384.56,3250.44,0.4348
S3,P3-no-redeploy,52,66,66,0,280.88,108.45,737.43,915.61,0.8030,1384.56,3250.44,0.4348
S3,P3-no-hosp,52,66,66,0,280.88,108.45,737.43,915.61,0.8030,1384.56,3250.44,0.4348
S3,P3-no-coverage,52,66,66,0,280.88,108.45,737.43,915.61,0.8030,1384.56,3250.44,0.4348
S3,P3-no-fatigue,52,66,66,0,280.88,108.45,737.43,915.61,0.8030,1384.56,3250.44,0.4348
S3,B1,53,65,65,0,166.63,90.86,367.11,660.47,0.9385,1343.24,3081.85,0.4615
S3,B2,53,65,65,0,221.89,105.06,660.47,1062.73,0.8923,1343.24,3188.67,0.5769
S3,P1,53,65,65,0,264.21,105.06,842.33,1078.72,0.8462,1343.24,3265.03,0.6538
S3,P2,53,65,65,0,264.21,105.06,842.33,1078.72,0.8462,1343.24,3265.03,0.6538
S3,P3,53,65,65,0,264.21,105.06,842.33,1078.72,0.8462,1343.24,3265.03,0.6538
S3,P3-no-redeploy,53,65,65,0,264.21,105.06,842.33,1078.72,0.8462,1343.24,3265.03,0.6538
S3,P3-no-hosp,53,65,65,0,264.21,105.06,842.33,1078.72,0.8462,1343.24,3265.03,0.6538
S3,P3-no-coverage,53,65,65,0,264.21,105.06,842.33,1078.72,0.8462,1343.24,3265.03,0.6538
S3,P3-no-fatigue,53,65,65,0,264.21,105.06,842.33,1078.72,0.8462,1343.24,3265.03,0.6538
S3,B1,54,86,86,0,170.12,82.86,440.26,636.68,0.9302,1112.84,2667.34,0.4348
S3,B2,54,86,86,0,182.81,81.29,537.29,684.68,0.9186,1112.84,2751.91,0.4348
S3,P1,54,86,86,0,198.80,81.61,635.39,697.84,0.8953,1112.84,2752.22,0.4348
S3,P2,54,86,86,0,198.80,81.61,635.39,697.84,0.8953,1112.84,2752.22,0.4348
S3,P3,54,86,86,0,198.80,81.61,635.39,697.84,0.8953,1112.84,2752.22,0.4348
S3,P3-no-redeploy,54,86,86,0,198.80,81.61,635.39,697.84,0.8953,1112.84,2752.22,0.4348
S3,P3-no-hosp,54,86,86,0,198.80,81.61,635.39,697.84,0.8953,1112.84,2752.22,0.4348
S3,P3-no-coverage,54,86,86,0,198.80,81.61,635.39,697.84,0.8953,1112.84,2752.22,0.4348
S3,P3-no-fatigue,54,86,86,0,198.80,81.61,635.39,697.84,0.8953,1112.84,2752.22,0.4348
S3,B1,55,74,74,0,195.82,109.96,483.82,692.94,0.9459,1051.07,2687.88,0.8846
S3,B2,55,74,74,0,224.78,107.08,554.41,796.89,0.9189,1051.07,2755.27,0.7308
S3,P1,55,74,74,0,236.03,110.13,553.04,824.00,0.9324,1051.07,2766.41,0.6923
S3,P2,55,74,74,0,236.03,110.13,553.04,824.00,0.9324,1051.07,2766.41,0.6923
S3,P3,55,74,74,0,236.03,110.13,553.04,824.00,0.9324,1051.07,2766.41,0.6923
S3,P3-no-redeploy,55,74,74,0,236.03,110.13,553.04,824.00,0.9324,1051.07,2766.41,0.6923
S3,P3-no-hosp,55,74,74,0,236.03,110.13,553.04,824.00,0.9324,1051.07,2766.41,0.6923
S3,P3-no-coverage,55,74,74,0,236.03,110.13,553.04,824.00,0.9324,1051.07,2766.41,0.6923
S3,P3-no-fatigue,55,74,74,0,236.03,110.13,553.04,824.00,0.9324,1051.07,2766.41,0.6923
S3,B1,56,73,73,0,235.92,103.02,677.27,791.29,0.8767,1334.64,3205.30,0.5600
S3,B2,56,73,73,0,258.66,93.05,596.98,810.44,0.9041,1334.64,3274.18,0.5200
S3,P1,56,73,73,0,237.30,91.88,593.48,663.27,0.9315,1334.64,3243.76,0.5200
S3,P2,56,73,73,0,237.30,91.88,593.48,663.27,0.9315,1334.64,3243.76,0.5200
S3,P3,56,73,73,0,231.01,91.88,568.89,652.10,0.9315,1334.64,3245.79,0.5200
S3,P3-no-redeploy,56,73,73,0,237.30,91.88,593.48,663.27,0.9315,1334.64,3243.76,0.5200
S3,P3-no-hosp,56,73,73,0,231.01,91.88,568.89,652.10,0.9315,1334.64,3245.79,0.5200
S3,P3-no-coverage,56,73,73,0,229.23,91.88,593.48,810.44,0.9178,1334.64,3232.00,0.6000
S3,P3-no-fatigue,56,73,73,0,231.01,91.88,568.89,652.10,0.9315,1334.64,3245.79,0.5200
S3,B1,57,58,58,0,132.79,85.25,307.75,378.00,0.9828,1096.12,2859.85,0.5263
S3,B2,57,58,58,0,193.00,98.57,437.08,683.81,0.9310,1096.12,2987.54,0.6316
S3,P1,57,58,58,0,223.75,114.88,487.76,692.81,0.9138,1096.12,3049.81,0.6842
S3,P2,57,58,58,0,223.75,114.88,487.76,692.81,0.9138,1096.12,3049.81,0.6842
S3,P3,57,58,58,0,223.75,114.88,487.76,692.81,0.9138,1096.12,3049.81,0.6842
S3,P3-no-redeploy,57,58,58,0,223.75,114.88,487.76,692.81,0.9138,1096.12,3049.81,0.6842
S3,P3-no-hosp,57,58,58,0,223.75,114.88,487.76,692.81,0.9138,1096.12,3049.81,0.6842
S3,P3-no-coverage,57,58,58,0,223.75,114.88,487.76,692.81,0.9138,1096.12,3049.81,0.6842
S3,P3-no-fatigue,57,58,58,0,223.75,114.88,487.76,692.81,0.9138,1096.12,3049.81,0.6842
S3,B1,58,81,81,0,193.26,89.72,479.89,731.64,0.9136,1291.07,2963.17,0.5161
S3,B2,58,81,81,0,232.03,98.53,731.64,893.53,0.8642,1291.07,3091.88,0.5484
S3,P1,58,81,81,0,247.33,104.27,758.12,915.54,0.8395,1291.07,3117.33,0.5484
S3,P2,58,81,81,0,247.33,104.27,758.12,915.54,0.8395,1291.07,3117.33,0.5484
S3,P3,58,81,81,0,247.33,104.27,758.12,915.54,0.8395,1291.07,3117.33,0.5484
S3,P3-no-redeploy,58,81,81,0,247.33,104.27,758.12,915.54,0.8395,1291.07,3117.33,0.5484
S3,P3-no-hosp,58,81,81,0,247.33,104.27,758.12,915.54,0.8395,1291.07,3117.33,0.5484
S3,P3-no-coverage,58,81,81,0,247.33,104.27,758.12,915.54,0.8395,1291.07,3117.33,0.5484
S3,P3-no-fatigue,58,81,81,0,247.33,104.27,758.12,915.54,0.8395,1291.07,3117.33,0.5484
S3,B1,59,79,79,0,133.12,70.48,348.14,559.17,0.9620,1273.50,2858.06,0.6000
S3,B2,59,79,79,0,174.49,84.41,458.44,651.70,0.9367,1273.50,2915.58,0.6000
S3,P1,59,79,79,0,160.80,78.96,462.27,651.70,0.9367,1273.50,2885.61,0.6667
S3,P2,59,79,79,0,160.80,78.96,462.27,651.70,0.9367,1273.50,2885.61,0.6667
S3,P3,59,79,79,0,160.80,78.96,462.27,651.70,0.9367,1273.50,2885.61,0.6667
S3,P3-no-redeploy,59,79,79,0,160.80,78.96,462.27,651.70,0.9367,1273.50,2885.61,0.6667
S3,P3-no-hosp,59,79,79,0,160.80,78.96,462.27,651.70,0.9367,1273.50,2885.61,0.6667
S3,P3-no-coverage,59,79,79,0,160.80,78.96,462.27,651.70,0.9367,1273.50,2885.61,0.6667
S3,P3-no-fatigue,59,79,79,0,160.80,78.96,462.27,651.70,0.9367,1273.50,2885.61,0.6667
S3,B1,60,76,76,0,193.44,119.31,394.03,609.99,0.9342,1181.62,2916.78,0.5758
S3,B2,60,76,76,0,287.75,170.38,840.52,1071.73,0.8684,1181.62,3132.98,0.4848
S3,P1,60,76,76,0,313.42,178.73,923.71,1107.76,0.8158,1181.62,3173.62,0.4848
S3,P2,60,76,76,0,313.42,178.73,923.71,1107.76,0.8158,1181.62,3173.62,0.4848
S3,P3,60,76,76,0,313.42,178.73,923.71,1107.76,0.8158,1181.62,3173.62,0.4848
S3,P3-no-redeploy,60,76,76,0,313.42,178.73,923.71,1107.76,0.8158,1181.62,3173.62,0.4848
S3,P3-no-hosp,60,76,76,0,313.42,178.73,923.71,1107.76,0.8158,1181.62,3173.62,0.4848
S3,P3-no-coverage,60,76,76,0,313.42,178.73,923.71,1107.76,0.8158,1181.62,3173.62,0.4848
S3,P3-no-fatigue,60,76,76,0,313.42,178.73,923.71,1107.76,0.8158,1181.62,3173.62,0.4848
S3,B1,61,80,80,0,163.02,90.58,437.76,582.40,0.9500,1293.81,3040.27,0.5667
S3,B2,61,80,80,0,180.83,93.73,550.08,612.60,0.9375,1293.81,3079.57,0.5333
S3,P1,61,80,80,0,189.23,93.73,575.20,650.52,0.9250,1293.81,3089.97,0.5667
S3,P2,61,80,80,0,189.23,93.73,575.20,650.52,0.9250,1293.81,3089.97,0.5667
S3,P3,61,80,80,0,189.23,93.73,575.20,650.52,0.9250,1293.81,3089.97,0.5667
S3,P3-no-redeploy,61,80,80,0,189.23,93.73,575.20,650.52,0.9250,1293.81,3089.97,0.5667
S3,P3-no-hosp,61,80,80,0,189.23,93.73,575.20,650.52,0.9250,1293.81,3089.97,0.5667
S3,P3-no-coverage,61,80,80,0,189.23,93.73,575.20,650.52,0.9250,1293.81,3089.97,0.5667
S3,P3-no-fatigue,61,80,80,0,189.23,93.73,575.20,650.52,0.9250,1293.81,3089.97,0.5667
S3,B1,62,59,59,0,125.63,76.43,292.76,372.22,0.9661,1075.21,2789.93,0.3636
S3,B2,62,59,59,0,187.66,87.35,604.03,1047.72,0.8983,1075.21,2911.59,0.5455
S3,P1,62,59,59,0,187.66,87.35,604.03,1047.72,0.8983,1075.21,2911.59,0.5455
S3,P2,62,59,59,0,187.66,87.35,604.03,1047.72,0.8983,1075.21,2911.59,0.5455
S3,P3,62,59,59,0,187.66,87.35,604.03,1047.72,0.8983,1075.21,2911.59,0.5455
S3,P3-no-redeploy,62,59,59,0,187.66,87.35,604.03,1047.72,0.8983,1075.21,2911.59,0.5455
S3,P3-no-hosp,62,59,59,0,187.66,87.35,604.03,1047.72,0.8983,1075.21,2911.59,0.5455
S3,P3-no-coverage,62,59,59,0,187.66,87.35,604.03,1047.72,0.8983,1075.21,2911.59,0.5455
S3,P3-no-fatigue,62,59,59,0,187.66,87.35,604.03,1047.72,0.8983,1075.21,2911.59,0.5455
S3,B1,63,72,72,0,124.87,57.07,297.85,417.85,0.9861,1290.14,2761.79,0.5714
S3,B2,63,72,72,0,155.72,57.07,389.01,503.33,0.9722,1290.14,2832.29,0.6190
S3,P1,63,72,72,0,169.72,69.87,417.85,546.27,0.9583,1290.14,2829.46,0.6667
S3,P2,63,72,72,0,169.72,69.87,417.85,546.27,0.9583,1290.14,2829.46,0.6667
S3,P3,63,72,72,0,169.72,69.87,417.85,546.27,0.9583,1290.14,2829.46,0.6667
S3,P3-no-redeploy,63,72,72,0,169.72,69.87,417.85,546.27,0.9583,1290.14,2829.46,0.6667
S3,P3-no-hosp,63,72,72,0,169.72,69.87,417.85,546.27,0.9583,1290.14,2829.46,0.6667
S3,P3-no-coverage,63,72,72,0,169.72,69.87,417.85,546.27,0.9583,1290.14,2829.46,0.6667
S3,P3-no-fatigue,63,72,72,0,169.72,69.87,417.85,546.27,0.9583,1290.14,2829.46,0.6667
S3,B1,64,62,62,0,166.49,74.27,430.01,621.11,0.9194,1203.61,3010.03,0.5833
S3,B2,64,62,62,0,268.82,113.64,724.43,818.97,0.8548,1203.61,3172.70,0.6667
S3,P1,64,62,62,0,285.60,154.86,724.43,818.97,0.8710,1203.61,3170.55,0.5833
S3,P2,64,62,62,0,285.60,154.86,724.43,818.97,0.8710,1203.61,3170.55,0.5833
S3,P3,64,62,62,0,285.60,154.86,724.43,818.97,0.8710,1203.61,3170.55,0.5833
S3,P3-no-redeploy,64,62,62,0,285.60,154.86,724.43,818.97,0.8710,1203.61,3170.55,0.5833
S3,P3-no-hosp,64,62,62,0,285.60,154.86,724.43,818.97,0.8710,1203.61,3170.55,0.5833
S3,P3-no-coverage,64,62,62,0,285.60,154.86,724.43,818.97,0.8710,1203.61,3170.55,0.5833
S3,P3-no-fatigue,64,62,62,0,285.60,154.86,724.43,818.97,0.8710,1203.61,3170.55,0.5833
S3,B1,65,75,75,0,175.19,95.91,372.43,573.46,0.9600,1155.33,2664.21,0.4118
S3,B2,65,75,75,0,223.44,80.91,511.30,1044.83,0.9200,1155.33,2742.28,0.4412
S3,P1,65,75,75,0,242.67,84.38,573.46,1311.62,0.9067,1155.33,2775.86,0.5294
S3,P2,65,75,75,0,242.67,84.38,573.46,1311.62,0.9067,1155.33,2775.86,0.5294
S3,P3,65,75,75,0,242.67,84.38,573.46,1311.62,0.9067,1155.33,2775.86,0.5294
S3,P3-no-redeploy,65,75,75,0,242.67,84.38,573.46,1311.62,0.9067,1155.33,2775.86,0.5294
S3,P3-no-hosp,65,75,75,0,242.67,84.38,573.46,1311.62,0.9067,1155.33,2775.86,0.5294
S3,P3-no-coverage,65,75,75,0,242.67,84.38,573.46,1311.62,0.9067,1155.33,2775.86,0.5294
S3,P3-no-fatigue,65,75,75,0,242.67,84.38,573.46,1311.62,0.9067,1155.33,2775.86,0.5294
S3,B1,66,74,74,0,172.42,95.40,378.59,560.56,0.9595,1091.71,2709.23,0.4828
S3,B2,66,74,74,0,216.30,97.09,559.33,798.60,0.9054,1091.71,2820.37,0.4483
S3,P1,66,74,74,0,216.30,97.09,559.33,798.60,0.9054,1091.71,2820.37,0.4483
S3,P2,66,74,74,0,216.30,97.09,559.33,798.60,0.9054,1091.71,2820.37,0.4483
S3,P3,66,74,74,0,216.30,97.09,559.33,798.60,0.9054,1091.71,2820.37,0.4483
S3,P3-no-redeploy,66,74,74,0,216.30,97.09,559.33,798.60,0.9054,1091.71,2820.37,0.4483
S3,P3-no-hosp,66,74,74,0,216.30,97.09,559.33,798.60,0.9054,1091.71,2820.37,0.4483
S3,P3-no-coverage,66,74,74,0,216.30,97.09,559.33,798.60,0.9054,1091.71,2820.37,0.4483
S3,P3-no-fatigue,66,74,74,0,216.30,97.09,559.33,798.60,0.9054,1091.71,2820.37,0.4483
S3,B1,67,80,80,0,162.32,114.92,367.13,434.82,0.9625,1195.38,2720.18,0.6000
S3,B2,67,80,80,0,200.43,111.99,464.63,651.00,0.9250,1195.38,2792.82,0.6333
S3,P1,67,80,80,0,191.83,101.37,434.82,613.18,0.9375,1195.38,2775.15,0.6333
S3,P2,67,80,80,0,191.83,101.37,434.82,613.18,0.9375,1195.38,2775.15,0.6333
S3,P3,67,80,80,0,191.83,101.37,434.82,613.18,0.9375,1195.38,2775.15,0.6333
S3,P3-no-redeploy,67,80,80,0,191.83,101.37,434.82,613.18,0.9375,1195.38,2775.15,0.6333
S3,P3-no-hosp,67,80,80,0,191.83,101.37,434.82,613.18,0.9375,1195.38,2775.15,0.6333
S3,P3-no-coverage,67,80,80,0,191.83,101.37,434.82,613.18,0.9375,1195.38,2775.15,0.6333
S3,P3-no-fatigue,67,80,80,0,191.83,101.37,434.82,613.18,0.9375,1195.38,2775.15,0.6333
S3,B1,68,57,57,0,154.88,69.94,401.96,549.01,0.9649,1022.24,2715.71,0.4375
S3,B2,68,57,57,0,182.88,90.29,484.92,703.32,0.9474,1022.24,2832.81,0.4375
S3,P1,68,57,57,0,182.88,90.29,484.92,703.32,0.9474,1022.24,2832.81,0.4375
S3,P2,68,57,57,0,182.88,90.29,484.92,703.32,0.9474,1022.24,2832.81,0.4375
S3,P3,68,57,57,0,182.88,90.29,484.92,703.32,0.9474,1022.24,2832.81,0.4375
S3,P3-no-redeploy,68,57,57,0,182.88,90.29,484.92,703.32,0.9474,1022.24,2832.81,0.4375
S3,P3-no-hosp,68,57,57,0,182.88,90.29,484.92,703.32,0.9474,1022.24,2832.81,0.4375
S3,P3-no-coverage,68,57,57,0,182.88,90.29,484.92,703.32,0.9474,1022.24,2832.81,0.4375
S3,P3-no-fatigue,68,57,57,0,182.88,90.29,484.92,703.32,0.9474,1022.24,2832.81,0.4375
S3,B1,69,65,65,0,152.76,84.19,295.10,427.28,0.9692,1350.17,3012.67,0.3200
S3,B2,69,65,65,0,265.12,102.66,739.49,970.40,0.8769,1350.17,3224.23,0.5200
S3,P1,69,65,65,0,281.88,149.03,739.49,970.40,0.8462,1350.17,3245.17,0.5200
S3,P2,69,65,65,0,281.88,149.03,739.49,970.40,0.8462,1350.17,3245.17,0.5200
S3,P3,69,65,65,0,281.56,149.03,739.49,970.40,0.8462,1350.17,3245.17,0.5200
S3,P3-no-redeploy,69,65,65,0,281.88,149.03,739.49,970.40,0.8462,1350.17,3245.17,0.5200
S3,P3-no-hosp,69,65,65,0,281.56,149.03,739.49,970.40,0.8462,1350.17,3245.17,0.5200
S3,P3-no-coverage,69,65,65,0,281.56,149.03,739.49,970.40,0.8462,1350.17,3245.17,0.5200
S3,P3-no-fatigue,69,65,65,0,281.56,149.03,739.49,970.40,0.8462,1350.17,3245.17,0.5200
S3,B1,70,56,56,0,122.87,92.47,269.13,350.51,0.9821,1143.12,2977.00,0.4118
S3,B2,70,56,56,0,198.89,91.87,552.01,736.01,0.9286,1143.12,3140.12,0.4118
S3,P1,70,56,56,0,198.89,91.87,552.01,736.01,0.9286,1143.12,3140.12,0.3529
S3,P2,70,56,56,0,198.89,91.87,552.01,736.01,0.9286,1143.12,3140.12,0.3529
S3,P3,70,56,56,0,198.89,91.87,552.01,736.01,0.9286,1143.12,3140.12,0.3529
S3,P3-no-redeploy,70,56,56,0,198.89,91.87,552.01,736.01,0.9286,1143.12,3140.12,0.3529
S3,P3-no-hosp,70,56,56,0,198.89,91.87,552.01,736.01,0.9286,1143.12,3140.12,0.3529
S3,P3-no-coverage,70,56,56,0,198.89,91.87,552.01,736.01,0.9286,1143.12,3140.12,0.3529
S3,P3-no-fatigue,70,56,56,0,198.89,91.87,552.01,736.01,0.9286,1143.12,3140.12,0.3529
S3,B1,71,76,76,0,168.77,74.33,481.99,673.59,0.9211,1490.66,3311.06,0.3750
S3,B2,71,76,76,0,248.47,77.93,647.14,1176.30,0.8816,1490.66,3577.34,0.5833
S3,P1,71,76,76,0,269.33,110.78,730.81,1176.30,0.8553,1490.66,3609.19,0.5417
S3,P2,71,76,76,0,269.33,110.78,730.81,1176.30,0.8553,1490.66,3609.19,0.5417
S3,P3,71,76,76,0,269.33,110.78,730.81,1176.30,0.8553,1490.66,3609.19,0.5417
S3,P3-no-redeploy,71,76,76,0,269.33,110.78,730.81,1176.30,0.8553,1490.66,3609.19,0.5417
S3,P3-no-hosp,71,76,76,0,269.33,110.78,730.81,1176.30,0.8553,1490.66,3609.19,0.5417
S3,P3-no-coverage,71,76,76,0,269.33,110.78,730.81,1176.30,0.8553,1490.66,3609.19,0.5417
S3,P3-no-fatigue,71,76,76,0,269.33,110.78,730.81,1176.30,0.8553,1490.66,3609.19,0.5417
S4,B1,42,106,106,0,133.35,98.98,265.96,333.15,0.9811,2133.91,3333.44,0.4286
S4,B2,42,106,106,0,135.65,94.57,263.88,400.09,0.9623,2133.91,3358.09,0.5238
S4,P1,42,106,106,0,146.94,112.30,342.97,417.38,0.9717,2133.91,3365.09,0.5476
S4,P2,42,106,106,0,146.94,112.30,342.97,417.38,0.9717,2133.91,3365.09,0.5476
S4,P3,42,106,106,0,146.94,112.30,342.97,417.38,0.9717,2133.91,3365.09,0.5476
S4,P3-no-redeploy,42,106,106,0,146.94,112.30,342.97,417.38,0.9717,2133.91,3365.09,0.5476
S4,P3-no-hosp,42,106,106,0,146.94,112.30,342.97,417.38,0.9717,2133.91,3365.09,0.5476
S4,P3-no-coverage,42,106,106,0,146.94,112.30,342.97,417.38,0.9717,2133.91,3365.09,0.5476
S4,P3-no-fatigue,42,106,106,0,146.94,112.30,342.97,417.38,0.9717,2133.91,3365.09,0.5476
S4,B1,43,113,113,0,96.89,74.26,203.73,250.40,1.0000,2407.58,3593.28,0.5745
S4,B2,43,113,113,0,100.93,75.16,230.06,262.40,1.0000,2407.58,3599.52,0.5532
S4,P1,43,113,113,0,123.92,94.31,243.03,301.40,0.9823,2407.58,3621.23,0.5319
S4,P2,43,113,113,0,123.92,94.31,243.03,301.40,0.9823,2407.58,3621.23,0.5319
S4,P3,43,113,113,0,123.92,94.31,243.03,301.40,0.9823,2407.58,3621.23,0.5319
S4,P3-no-redeploy,43,113,113,0,123.92,94.31,243.03,301.40,0.9823,2407.58,3621.23,0.5319
S4,P3-no-hosp,43,113,113,0,123.92,94.31,243.03,301.40,0.9823,2407.58,3621.23,0.5319
S4,P3-no-coverage,43,113,113,0,123.92,94.31,243.03,301.40,0.9823,2407.58,3621.23,0.5319
S4,P3-no-fatigue,43,113,113,0,123.92,94.31,243.03,301.40,0.9823,2407.58,3621.23,0.5319
S4,B1,44,90,90,0,83.95,60.94,166.48,229.35,1.0000,2279.43,3443.94,0.4872
S4,B2,44,90,90,0,89.57,62.05,183.94,257.23,1.0000,2279.43,3454.57,0.6154
S4,P1,44,90,90,0,105.57,68.09,229.35,296.53,1.0000,2279.43,3475.62,0.6154
S4,P2,44,90,90,0,105.57,68.09,229.35,296.53,1.0000,2279.43,3475.62,0.6154
S4,P3,44,90,90,0,105.57,68.09,229.35,296.53,1.0000,2279.43,3475.62,0.6154
S4,P3-no-redeploy,44,90,90,0,105.57,68.09,229.35,296.53,1.0000,2279.43,3475.62,0.6154
S4,P3-no-hosp,44,90,90,0,105.57,68.09,229.35,296.53,1.0000,2279.43,3475.62,0.6154
S4,P3-no-coverage,44,90,90,0,105.57,68.09,229.35,296.53,1.0000,2279.43,3475.62,0.6154
S4,P3-no-fatigue,44,90,90,0,105.57,68.09,229.35,296.53,1.0000,2279.43,3475.62,0.6154
S4,B1,45,95,95,0,88.52,60.91,195.27,216.06,0.9895,2467.35,3636.25,0.6154
S4,B2,45,95,95,0,94.32,64.89,203.03,216.06,0.9895,2467.35,3649.24,0.6154
S4,P1,45,95,95,0,107.46,75.00,216.06,285.75,0.9895,2467.35,3668.22,0.6154
S4,P2,45,95,95,0,107.46,75.00,216.06,285.75,0.9895,2467.35,3668.22,0.6154
S4,P3,45,95,95,0,107.46,75.00,216.06,285.75,0.9895,2467.35,3668.22,0.6154
S4,P3-no-redeploy,45,95,95,0,107.46,75.00,216.06,285.75,0.9895,2467.35,3668.22,0.6154
S4,P3-no-hosp,45,95,95,0,107.46,75.00,216.06,285.75,0.9895,2467.35,3668.22,0.6154
S4,P3-no-coverage,45,95,95,0,107.46,75.00,216.06,285.75,0.9895,2467.35,3668.22,0.6154
S4,P3-no-fatigue,45,95,95,0,107.46,75.00,216.06,285.75,0.9895,2467.35,3668.22,0.6154
S4,B1,46,101,101,0,92.19,62.16,197.50,235.88,1.0000,2533.51,3688.78,0.4118
S4,B2,46,101,101,0,92.68,62.46,210.31,239.85,1.0000,2533.51,3709.84,0.4706
S4,P1,46,101,101,0,114.86,70.46,227.24,331.63,0.9802,2533.51,3724.12,0.5294
S4,P2,46,101,101,0,114.86,70.46,227.24,331.63,0.9802,2533.51,3724.12,0.5294
S4,P3,46,101,101,0,114.86,70.46,227.24,331.63,0.9802,2533.51,3724.12,0.5294
S4,P3-no-redeploy,46,101,101,0,114.86,70.46,227.24,331.63,0.9802,2533.51,3724.12,0.5294
S4,P3-no-hosp,46,101,101,0,114.86,70.46,227.24,331.63,0.9802,2533.51,3724.12,0.5294
S4,P3-no-coverage,46,101,101,0,114.86,70.46,227.24,331.63,0.9802,2533.51,3724.12,0.5294
S4,P3-no-fatigue,46,101,101,0,114.86,70.46,227.24,331.63,0.9802,2533.51,3724.12,0.5294
S4,B1,47,122,122,0,85.00,47.99,201.59,261.85,1.0000,2457.48,3607.39,0.6327
S4,B2,47,122,122,0,89.77,47.99,201.59,270.12,0.9918,2457.48,3620.84,0.5918
S4,P1,47,122,122,0,109.43,60.50,245.01,324.24,0.9836,2457.48,3647.85,0.6735
S4,P2,47,122,122,0,109.43,60.50,245.01,324.24,0.9836,2457.48,3647.85,0.6735
S4,P3,47,122,122,0,109.43,60.50,245.01,324.24,0.9836,2457.48,3647.85,0.6735
S4,P3-no-redeploy,47,122,122,0,109.43,60.50,245.01,324.24,0.9836,2457.48,3647.85,0.6735
S4,P3-no-hosp,47,122,122,0,109.43,60.50,245.01,324.24,0.9836,2457.48,3647.85,0.6735
S4,P3-no-coverage,47,122,122,0,109.43,60.50,245.01,324.24,0.9836,2457.48,3647.85,0.6735
S4,P3-no-fatigue,47,122,122,0,109.43,60.50,245.01,324.24,0.9836,2457.48,3647.85,0.6735
S4,B1,48,90,90,0,83.29,55.27,180.42,215.80,1.0000,2563.43,3672.20,0.6500
S4,B2,48,90,90,0,90.46,57.50,176.28,273.07,0.9889,2563.43,3690.27,0.6500
S4,P1,48,90,90,0,97.69,58.01,226.44,298.63,0.9889,2563.43,3704.48,0.6250
S4,P2,48,90,90,0,97.69,58.01,226.44,298.63,0.9889,2563.43,3704.48,0.6250
S4,P3,48,90,90,0,97.69,58.01,226.44,298.63,0.9889,2563.43,3704.48,0.6250
S4,P3-no-redeploy,48,90,90,0,97.69,58.01,226.44,298.63,0.9889,2563.43,3704.48,0.6250
S4,P3-no-hosp,48,90,90,0,97.69,58.01,226.44,298.63,0.9889,2563.43,3704.48,0.6250
S4,P3-no-coverage,48,90,90,0,97.69,58.01,226.44,298.63,0.9889,2563.43,3704.48,0.6250
S4,P3-no-fatigue,48,90,90,0,97.69,58.01,226.44,298.63,0.9889,2563.43,3704.48,0.6250
S4,B1,49,104,104,0,87.80,55.30,209.13,248.92,1.0000,2389.85,3492.13,0.5143
S4,B2,49,104,104,0,105.96,56.04,226.46,292.09,0.9808,2389.85,3538.04,0.6286
S4,P1,49,104,104,0,114.05,61.86,292.09,323.58,0.9808,2389.85,3547.96,0.6571
S4,P2,49,104,104,0,114.05,61.86,292.09,323.58,0.9808,2389.85,3547.96,0.6571
S4,P3,49,104,104,0,114.05,61.86,292.09,323.58,0.9808,2389.85,3547.96,0.6571
S4,P3-no-redeploy,49,104,104,0,114.05,61.86,292.09,323.58,0.9808,2389.85,3547.96,0.6571
S4,P3-no-hosp,49,104,104,0,114.05,61.86,292.09,323.58,0.9808,2389.85,3547.96,0.6571
S4,P3-no-coverage,49,104,104,0,114.05,61.86,292.09,323.58,0.9808,2389.85,3547.96,0.6571
S4,P3-no-fatigue,49,104,104,0,114.05,61.86,292.09,323.58,0.9808,2389.85,3547.96,0.6571
S4,B1,50,110,110,0,98.90,64.12,223.55,264.16,1.0000,2252.75,3388.77,0.6087
S4,B2,50,110,110,0,105.45,62.64,238.07,308.84,1.0000,2252.75,3410.86,0.5000
S4,P1,50,110,110,0,134.57,78.06,308.83,449.07,0.9636,2252.75,3442.77,0.5652
S4,P2,50,110,110,0,134.57,78.06,308.83,449.07,0.9636,2252.75,3442.77,0.5652
S4,P3,50,110,110,0,134.57,78.06,308.83,449.07,0.9636,2252.75,3442.77,0.5652
S4,P3-no-redeploy,50,110,110,0,134.57,78.06,308.83,449.07,0.9636,2252.75,3442.77,0.5652
S4,P3-no-hosp,50,110,110,0,134.57,78.06,308.83,449.07,0.9636,2252.75,3442.77,0.5652
S4,P3-no-coverage,50,110,110,0,134.57,78.06,308.83,449.07,0.9636,2252.75,3442.77,0.5652
S4,P3-no-fatigue,50,110,110,0,134.57,78.06,308.83,449.07,0.9636,2252.75,3442.77,0.5652
S4,B1,51,125,125,0,95.77,63.93,217.33,257.64,1.0000,2441.61,3624.81,0.5472
S4,B2,51,125,125,0,113.71,77.77,257.64,277.44,0.9920,2441.61,3646.30,0.6038
S4,P1,51,125,125,0,116.28,82.93,271.58,312.19,0.9920,2441.61,3646.75,0.6226
S4,P2,51,125,125,0,116.28,82.93,271.58,312.19,0.9920,2441.61,3646.75,0.6226
S4,P3,51,125,125,0,116.28,82.93,271.58,312.19,0.9920,2441.61,3646.75,0.6226
S4,P3-no-redeploy,51,125,125,0,116.28,82.93,271.58,312.19,0.9920,2441.61,3646.75,0.6226
S4,P3-no-hosp,51,125,125,0,116.28,82.93,271.58,312.19,0.9920,2441.61,3646.75,0.6226
S4,P3-no-coverage,51,125,125,0,116.28,82.93,271.58,312.19,0.9920,2441.61,3646.75,0.6226
S4,P3-no-fatigue,51,125,125,0,116.28,82.93,271.58,312.19,0.9920,2441.61,3646.75,0.6226
S4,B1,52,123,123,0,100.25,72.84,214.75,242.53,0.9919,2715.07,3939.42,0.5306
S4,B2,52,123,123,0,113.72,84.10,238.21,273.52,0.9837,2715.07,3965.75,0.5510
S4,P1,52,123,123,0,127.17,90.53,260.64,322.16,0.9837,2715.07,3976.46,0.5510
S4,P2,52,123,123,0,127.17,90.53,260.64,322.16,0.9837,2715.07,3976.46,0.5510
S4,P3,52,123,123,0,127.17,90.53,260.64,322.16,0.9837,2715.07,3976.46,0.5510
S4,P3-no-redeploy,52,123,123,0,127.17,90.53,260.64,322.16,0.9837,2715.07,3976.46,0.5510
S4,P3-no-hosp,52,123,123,0,127.17,90.53,260.64,322.16,0.9837,2715.07,3976.46,0.5510
S4,P3-no-coverage,52,123,123,0,127.17,90.53,260.64,322.16,0.9837,2715.07,3976.46,0.5510
S4,P3-no-fatigue,52,123,123,0,127.17,90.53,260.64,322.16,0.9837,2715.07,3976.46,0.5510
S4,B1,53,117,117,0,89.20,69.13,199.72,239.83,1.0000,2604.07,3780.65,0.4091
S4,B2,53,117,117,0,102.60,69.13,228.51,270.14,0.9915,2604.07,3812.02,0.3864
S4,P1,53,117,117,0,107.18,71.95,233.51,301.89,0.9915,2604.07,3809.11,0.5000
S4,P2,53,117,117,0,107.18,71.95,233.51,301.89,0.9915,2604.07,3809.11,0.5000
S4,P3,53,117,117,0,107.18,71.95,233.51,301.89,0.9915,2604.07,3809.11,0.5000
S4,P3-no-redeploy,53,117,117,0,107.18,71.95,233.51,301.89,0.9915,2604.07,3809.11,0.5000
S4,P3-no-hosp,53,117,117,0,107.18,71.95,233.51,301.89,0.9915,2604.07,3809.11,0.5000
S4,P3-no-coverage,53,117,117,0,107.18,71.95,233.51,301.89,0.9915,2604.07,3809.11,0.5000
S4,P3-no-fatigue,53,117,117,0,107.18,71.95,233.51,301.89,0.9915,2604.07,3809.11,0.5000
S4,B1,54,110,110,0,88.47,65.65,196.60,224.74,1.0000,2585.93,3692.41,0.4872
S4,B2,54,110,110,0,88.43,65.73,180.02,218.07,1.0000,2585.93,3705.25,0.4872
S4,P1,54,110,110,0,100.80,70.12,190.95,320.80,0.9909,2585.93,3709.84,0.5128
S4,P2,54,110,110,0,100.80,70.12,190.95,320.80,0.9909,2585.93,3709.84,0.5128
S4,P3,54,110,110,0,100.80,70.12,190.95,320.80,0.9909,2585.93,3709.84,0.5128
S4,P3-no-redeploy,54,110,110,0,100.80,70.12,190.95,320.80,0.9909,2585.93,3709.84,0.5128
S4,P3-no-hosp,54,110,110,0,100.80,70.12,190.95,320.80,0.9909,2585.93,3709.84,0.5128
S4,P3-no-coverage,54,110,110,0,100.80,70.12,190.95,320.80,0.9909,2585.93,3709.84,0.5128
S4,P3-no-fatigue,54,110,110,0,100.80,70.12,190.95,320.80,0.9909,2585.93,3709.84,0.5128
S4,B1,55,119,119,0,86.80,60.62,195.66,234.86,1.0000,2088.33,3232.42,0.5294
S4,B2,55,119,119,0,93.73,58.51,225.91,283.89,1.0000,2088.33,3243.99,0.5490
S4,P1,55,119,119,0,138.30,93.08,300.06,384.61,0.9664,2088.33,3288.33,0.7255
S4,P2,55,119,119,0,138.30,93.08,300.06,384.61,0.9664,2088.33,3288.33,0.7255
S4,P3,55,119,119,0,138.30,93.08,300.06,384.61,0.9664,2088.33,3288.33,0.7255
S4,P3-no-redeploy,55,119,119,0,138.30,93.08,300.06,384.61,0.9664,2088.33,3288.33,0.7255
S4,P3-no-hosp,55,119,119,0,138.30,93.08,300.06,384.61,0.9664,2088.33,3288.33,0.7255
S4,P3-no-coverage,55,119,119,0,138.30,93.08,300.06,384.61,0.9664,2088.33,3288.33,0.7255
S4,P3-no-fatigue,55,119,119,0,138.30,93.08,300.06,384.61,0.9664,2088.33,3288.33,0.7255
S4,B1,56,98,98,0,99.92,72.93,217.09,249.04,1.0000,2464.84,3603.84,0.4667
S4,B2,56,98,98,0,114.01,90.51,224.18,320.45,1.0000,2464.84,3630.90,0.5667
S4,P1,56,98,98,0,137.37,97.09,278.76,443.00,0.9694,2464.84,3653.44,0.5667
S4,P2,56,98,98,0,137.37,97.09,278.76,443.00,0.9694,2464.84,3653.44,0.5667
S4,P3,56,98,98,0,137.37,97.09,278.76,443.00,0.9694,2464.84,3653.44,0.5667
S4,P3-no-redeploy,56,98,98,0,137.37,97.09,278.76,443.00,0.9694,2464.84,3653.44,0.5667
S4,P3-no-hosp,56,98,98,0,137.37,97.09,278.76,443.00,0.9694,2464.84,3653.44,0.5667
S4,P3-no-coverage,56,98,98,0,137.37,97.09,278.76,443.00,0.9694,2464.84,3653.44,0.5667
S4,P3-no-fatigue,56,98,98,0,137.37,97.09,278.76,443.00,0.9694,2464.84,3653.44,0.5667
S4,B1,57,121,121,0,97.40,59.02,213.21,276.63,1.0000,2333.66,3559.97,0.5625
S4,B2,57,121,121,0,106.55,69.04,240.44,316.85,0.9917,2333.66,3581.84,0.6250
S4,P1,57,121,121,0,124.46,90.74,278.00,340.97,0.9917,2333.66,3606.12,0.5625
S4,P2,57,121,121,0,124.46,90.74,278.00,340.97,0.9917,2333.66,3606.12,0.5625
S4,P3,57,121,121,0,124.46,90.74,278.00,340.97,0.9917,2333.66,3606.12,0.5625
S4,P3-no-redeploy,57,121,121,0,124.46,90.74,278.00,340.97,0.9917,2333.66,3606.12,0.5625
S4,P3-no-hosp,57,121,121,0,124.46,90.74,278.00,340.97,0.9917,2333.66,3606.12,0.5625
S4,P3-no-coverage,57,121,121,0,124.46,90.74,278.00,340.97,0.9917,2333.66,3606.12,0.5625
S4,P3-no-fatigue,57,121,121,0,124.46,90.74,278.00,340.97,0.9917,2333.66,3606.12,0.5625
S4,B1,58,118,118,0,73.73,48.34,195.35,213.98,1.0000,2233.98,3404.38,0.6098
S4,B2,58,118,118,0,85.95,54.87,231.69,274.91,1.0000,2233.98,3433.25,0.7073
S4,P1,58,118,118,0,95.22,62.51,244.72,280.66,1.0000,2233.98,3444.11,0.7561
S4,P2,58,118,118,0,95.22,62.51,244.72,280.66,1.0000,2233.98,3444.11,0.7561
S4,P3,58,118,118,0,95.22,62.51,244.72,280.66,1.0000,2233.98,3444.11,0.7561
S4,P3-no-redeploy,58,118,118,0,95.22,62.51,244.72,280.66,1.0000,2233.98,3444.11,0.7561
S4,P3-no-hosp,58,118,118,0,95.22,62.51,244.72,280.66,1.0000,2233.98,3444.11,0.7561
S4,P3-no-coverage,58,118,118,0,95.22,62.51,244.72,280.66,1.0000,2233.98,3444.11,0.7561
S4,P3-no-fatigue,58,118,118,0,95.22,62.51,244.72,280.66,1.0000,2233.98,3444.11,0.7561
S4,B1,59,118,118,0,89.34,64.54,190.99,246.24,1.0000,2636.78,3840.70,0.4318
S4,B2,59,118,118,0,100.07,66.01,223.60,285.67,1.0000,2636.78,3869.25,0.5227
S4,P1,59,118,118,0,125.64,70.42,319.37,372.05,0.9661,2636.78,3893.75,0.6591
S4,P2,59,118,118,0,125.64,70.42,319.37,372.05,0.9661,2636.78,3893.75,0.6591
S4,P3,59,118,118,0,125.64,70.42,319.37,372.05,0.9661,2636.78,3893.75,0.6591
S4,P3-no-redeploy,59,118,118,0,125.64,70.42,319.37,372.05,0.9661,2636.78,3893.75,0.6591
S4,P3-no-hosp,59,118,118,0,125.64,70.42,319.37,372.05,0.9661,2636.78,3893.75,0.6591
S4,P3-no-coverage,59,118,118,0,125.64,70.42,319.37,372.05,0.9661,2636.78,3893.75,0.6591
S4,P3-no-fatigue,59,118,118,0,125.64,70.42,319.37,372.05,0.9661,2636.78,3893.75,0.6591
S4,B1,60,98,98,0,108.81,87.69,225.55,278.00,1.0000,2229.69,3455.83,0.5238
S4,B2,60,98,98,0,113.36,77.26,257.69,297.18,0.9898,2229.69,3471.76,0.4762
S4,P1,60,98,98,0,141.05,93.76,306.93,362.23,0.9796,2229.69,3494.80,0.4524
S4,P2,60,98,98,0,141.05,93.76,306.93,362.23,0.9796,2229.69,3494.80,0.4524
S4,P3,60,98,98,0,141.05,93.76,306.93,362.23,0.9796,2229.69,3494.80,0.4524
S4,P3-no-redeploy,60,98,98,0,141.05,93.76,306.93,362.23,0.9796,2229.69,3494.80,0.4524
S4,P3-no-hosp,60,98,98,0,141.05,93.76,306.93,362.23,0.9796,2229.69,3494.80,0.4524
S4,P3-no-coverage,60,98,98,0,141.05,93.76,306.93,362.23,0.9796,2229.69,3494.80,0.4524
S4,P3-no-fatigue,60,98,98,0,141.05,93.76,306.93,362.23,0.9796,2229.69,3494.80,0.4524
S4,B1,61,130,130,0,98.92,69.62,215.94,287.64,1.0000,2264.12,3433.38,0.5957
S4,B2,61,130,130,0,100.17,70.19,225.00,287.64,1.0000,2264.12,3440.55,0.5957
S4,P1,61,130,130,0,113.13,73.39,275.71,311.76,1.0000,2264.12,3453.58,0.5957
S4,P2,61,130,130,0,113.13,73.39,275.71,311.76,1.0000,2264.12,3453.58,0.5957
S4,P3,61,130,130,0,113.13,73.39,275.71,311.76,1.0000,2264.12,3453.58,0.5957
S4,P3-no-redeploy,61,130,130,0,113.13,73.39,275.71,311.76,1.0000,2264.12,3453.58,0.5957
S4,P3-no-hosp,61,130,130,0,113.13,73.39,275.71,311.76,1.0000,2264.12,3453.58,0.5957
S4,P3-no-coverage,61,130,130,0,113.13,73.39,275.71,311.76,1.0000,2264.12,3453.58,0.5957
S4,P3-no-fatigue,61,130,130,0,113.13,73.39,275.71,311.76,1.0000,2264.12,3453.58,0.5957
S4,B1,62,104,104,0,94.50,72.85,217.35,267.52,1.0000,2280.64,3421.17,0.5349
S4,B2,62,104,104,0,107.60,80.35,237.98,284.10,0.9904,2280.64,3443.93,0.6512
S4,P1,62,104,104,0,117.41,76.03,279.27,390.18,0.9904,2280.64,3447.41,0.7209
S4,P2,62,104,104,0,117.41,76.03,279.27,390.18,0.9904,2280.64,3447.41,0.7209
S4,P3,62,104,104,0,117.41,76.03,279.27,390.18,0.9904,2280.64,3447.41,0.7209
S4,P3-no-redeploy,62,104,104,0,117.41,76.03,279.27,390.18,0.9904,2280.64,3447.41,0.7209
S4,P3-no-hosp,62,104,104,0,117.41,76.03,279.27,390.18,0.9904,2280.64,3447.41,0.7209
S4,P3-no-coverage,62,104,104,0,117.41,76.03,279.27,390.18,0.9904,2280.64,3447.41,0.7209
S4,P3-no-fatigue,62,104,104,0,117.41,76.03,279.27,390.18,0.9904,2280.64,3447.41,0.7209
S4,B1,63,123,123,0,83.33,55.88,178.52,205.74,1.0000,2626.02,3787.47,0.6222
S4,B2,63,123,123,0,96.00,60.84,201.77,251.98,1.0000,2626.02,3824.95,0.5556
S4,P1,63,123,123,0,119.56,83.59,270.90,372.72,0.9919,2626.02,3841.98,0.6000
S4,P2,63,123,123,0,119.56,83.59,270.90,372.72,0.9919,2626.02,3841.98,0.6000
S4,P3,63,123,123,0,119.56,83.59,270.90,372.72,0.9919,2626.02,3841.98,0.6000
S4,P3-no-redeploy,63,123,123,0,119.56,83.59,270.90,372.72,0.9919,2626.02,3841.98,0.6000
S4,P3-no-hosp,63,123,123,0,119.56,83.59,270.90,372.72,0.9919,2626.02,3841.98,0.6000
S4,P3-no-coverage,63,123,123,0,119.56,83.59,270.90,372.72,0.9919,2626.02,3841.98,0.6000
S4,P3-no-fatigue,63,123,123,0,119.56,83.59,270.90,372.72,0.9919,2626.02,3841.98,0.6000
S4,B1,64,108,108,0,76.74,59.10,163.06,179.67,1.0000,2775.81,3882.54,0.5429
S4,B2,64,108,108,0,84.63,73.45,157.66,171.29,1.0000,2775.81,3904.96,0.5143
S4,P1,64,108,108,0,106.34,76.32,215.28,358.77,0.9815,2775.81,3928.44,0.4857
S4,P2,64,108,108,0,106.34,76.32,215.28,358.77,0.9815,2775.81,3928.44,0.4857
S4,P3,64,108,108,0,106.34,76.32,215.28,358.77,0.9815,2775.81,3928.44,0.4857
S4,P3-no-redeploy,64,108,108,0,106.34,76.32,215.28,358.77,0.9815,2775.81,3928.44,0.4857
S4,P3-no-hosp,64,108,108,0,106.34,76.32,215.28,358.77,0.9815,2775.81,3928.44,0.4857
S4,P3-no-coverage,64,108,108,0,106.34,76.32,215.28,358.77,0.9815,2775.81,3928.44,0.4857
S4,P3-no-fatigue,64,108,108,0,106.34,76.32,215.28,358.77,0.9815,2775.81,3928.44,0.4857
S4,B1,65,107,107,0,89.66,57.29,209.05,248.71,1.0000,2448.26,3658.21,0.6176
S4,B2,65,107,107,0,97.20,69.83,213.73,292.37,1.0000,2448.26,3677.19,0.6176
S4,P1,65,107,107,0,106.82,69.83,248.71,292.37,0.9907,2448.26,3691.62,0.6471
S4,P2,65,107,107,0,106.82,69.83,248.71,292.37,0.9907,2448.26,3691.62,0.6471
S4,P3,65,107,107,0,106.82,69.83,248.71,292.37,0.9907,2448.26,3691.62,0.6471
S4,P3-no-redeploy,65,107,107,0,106.82,69.83,248.71,292.37,0.9907,2448.26,3691.62,0.6471
S4,P3-no-hosp,65,107,107,0,106.82,69.83,248.71,292.37,0.9907,2448.26,3691.62,0.6471
S4,P3-no-coverage,65,107,107,0,106.82,69.83,248.71,292.37,0.9907,2448.26,3691.62,0.6471
S4,P3-no-fatigue,65,107,107,0,106.82,69.83,248.71,292.37,0.9907,2448.26,3691.62,0.6471
S4,B1,66,108,108,0,83.14,55.44,194.79,244.38,1.0000,2166.78,3360.18,0.5946
S4,B2,66,108,108,0,91.47,50.16,220.22,258.71,0.9907,2166.78,3387.90,0.6216
S4,P1,66,108,108,0,96.73,58.83,240.03,265.80,1.0000,2166.78,3378.96,0.6757
S4,P2,66,108,108,0,96.73,58.83,240.03,265.80,1.0000,2166.78,3378.96,0.6757
S4,P3,66,108,108,0,96.73,58.83,240.03,265.80,1.0000,2166.78,3378.96,0.6757
S4,P3-no-redeploy,66,108,108,0,96.73,58.83,240.03,265.80,1.0000,2166.78,3378.96,0.6757
S4,P3-no-hosp,66,108,108,0,96.73,58.83,240.03,265.80,1.0000,2166.78,3378.96,0.6757
S4,P3-no-coverage,66,108,108,0,96.73,58.83,240.03,265.80,1.0000,2166.78,3378.96,0.6757
S4,P3-no-fatigue,66,108,108,0,96.73,58.83,240.03,265.80,1.0000,2166.78,3378.96,0.6757
S4,B1,67,110,110,0,70.65,47.42,177.53,230.52,1.0000,2496.08,3608.98,0.5556
S4,B2,67,110,110,0,84.56,57.23,187.41,239.85,1.0000,2496.08,3643.53,0.5833
S4,P1,67,110,110,0,99.32,60.40,222.55,269.38,0.9818,2496.08,3654.84,0.6389
S4,P2,67,110,110,0,99.32,60.40,222.55,269.38,0.9818,2496.08,3654.84,0.6389
S4,P3,67,110,110,0,99.32,60.40,222.55,269.38,0.9818,2496.08,3654.84,0.6389
S4,P3-no-redeploy,67,110,110,0,99.32,60.40,222.55,269.38,0.9818,2496.08,3654.84,0.6389
S4,P3-no-hosp,67,110,110,0,99.32,60.40,222.55,269.38,0.9818,2496.08,3654.84,0.6389
S4,P3-no-coverage,67,110,110,0,99.32,60.40,222.55,269.38,0.9818,2496.08,3654.84,0.6389
S4,P3-no-fatigue,67,110,110,0,99.32,60.40,222.55,269.38,0.9818,2496.08,3654.84,0.6389
S4,B1,68,111,111,0,82.00,62.33,180.24,224.13,1.0000,2372.72,3532.98,0.6444
S4,B2,68,111,111,0,88.08,62.33,190.23,232.19,1.0000,2372.72,3545.95,0.6444
S4,P1,68,111,111,0,90.06,64.70,193.27,241.85,1.0000,2372.72,3548.66,0.5778
S4,P2,68,111,111,0,90.06,64.70,193.27,241.85,1.0000,2372.72,3548.66,0.5778
S4,P3,68,111,111,0,90.06,64.70,193.27,241.85,1.0000,2372.72,3548.66,0.5778
S4,P3-no-redeploy,68,111,111,0,90.06,64.70,193.27,241.85,1.0000,2372.72,3548.66,0.5778
S4,P3-no-hosp,68,111,111,0,90.06,64.70,193.27,241.85,1.0000,2372.72,3548.66,0.5778
S4,P3-no-coverage,68,111,111,0,90.06,64.70,193.27,241.85,1.0000,2372.72,3548.66,0.5778
S4,P3-no-fatigue,68,111,111,0,90.06,64.70,193.27,241.85,1.0000,2372.72,3548.66,0.5778
S4,B1,69,96,96,0,73.08,55.32,168.30,194.15,1.0000,2461.92,3561.13,0.6667
S4,B2,69,96,96,0,79.90,59.59,179.72,262.61,1.0000,2461.92,3570.68,0.6296
S4,P1,69,96,96,0,99.20,64.58,237.62,277.65,0.9896,2461.92,3592.97,0.7778
S4,P2,69,96,96,0,99.20,64.58,237.62,277.65,0.9896,2461.92,3592.97,0.7778
S4,P3,69,96,96,0,99.20,64.58,237.62,277.65,0.9896,2461.92,3592.97,0.7778
S4,P3-no-redeploy,69,96,96,0,99.20,64.58,237.62,277.65,0.9896,2461.92,3592.97,0.7778
S4,P3-no-hosp,69,96,96,0,99.20,64.58,237.62,277.65,0.9896,2461.92,3592.97,0.7778
S4,P3-no-coverage,69,96,96,0,99.20,64.58,237.62,277.65,0.9896,2461.92,3592.97,0.7778
S4,P3-no-fatigue,69,96,96,0,99.20,64.58,237.62,277.65,0.9896,2461.92,3592.97,0.7778
S4,B1,70,99,99,0,82.37,49.67,182.96,280.21,1.0000,2488.26,3549.47,0.4828
S4,B2,70,99,99,0,100.06,58.32,251.02,329.84,1.0000,2488.26,3591.88,0.4828
S4,P1,70,99,99,0,114.76,67.10,284.81,373.28,0.9899,2488.26,3609.74,0.5862
S4,P2,70,99,99,0,114.76,67.10,284.81,373.28,0.9899,2488.26,3609.74,0.5862
S4,P3,70,99,99,0,114.76,67.10,284.81,373.28,0.9899,2488.26,3609.74,0.5862
S4,P3-no-redeploy,70,99,99,0,114.76,67.10,284.81,373.28,0.9899,2488.26,3609.74,0.5862
S4,P3-no-hosp,70,99,99,0,114.76,67.10,284.81,373.28,0.9899,2488.26,3609.74,0.5862
S4,P3-no-coverage,70,99,99,0,114.76,67.10,284.81,373.28,0.9899,2488.26,3609.74,0.5862
S4,P3-no-fatigue,70,99,99,0,114.76,67.10,284.81,373.28,0.9899,2488.26,3609.74,0.5862
S4,B1,71,106,106,0,92.77,57.03,225.74,268.62,1.0000,2286.38,3432.50,0.6667
S4,B2,71,106,106,0,94.11,57.03,226.89,296.66,1.0000,2286.38,3446.50,0.6905
S4,P1,71,106,106,0,123.00,63.01,299.95,333.68,0.9906,2286.38,3455.69,0.6905
S4,P2,71,106,106,0,123.00,63.01,299.95,333.68,0.9906,2286.38,3455.69,0.6905
S4,P3,71,106,106,0,123.00,63.01,299.95,333.68,0.9906,2286.38,3455.69,0.6905
S4,P3-no-redeploy,71,106,106,0,123.00,63.01,299.95,333.68,0.9906,2286.38,3455.69,0.6905
S4,P3-no-hosp,71,106,106,0,123.00,63.01,299.95,333.68,0.9906,2286.38,3455.69,0.6905
S4,P3-no-coverage,71,106,106,0,123.00,63.01,299.95,333.68,0.9906,2286.38,3455.69,0.6905
S4,P3-no-fatigue,71,106,106,0,123.00,63.01,299.95,333.68,0.9906,2286.38,3455.69,0.6905
S5,B1,42,121,121,0,71.42,46.04,159.81,189.27,1.0000,1190.09,2401.85,0.6053
S5,B2,42,121,121,0,77.86,49.38,171.47,235.62,1.0000,1190.09,2422.58,0.6842
S5,P1,42,121,121,0,97.61,50.23,290.66,367.24,0.9917,1190.09,2449.98,0.7368
S5,P2,42,121,121,0,97.61,50.23,290.66,367.24,0.9917,1190.09,2449.98,0.7368
S5,P3,42,121,121,0,97.61,50.23,290.66,367.24,0.9917,1190.09,2449.98,0.7368
S5,P3-no-redeploy,42,121,121,0,97.61,50.23,290.66,367.24,0.9917,1190.09,2449.98,0.7368
S5,P3-no-hosp,42,121,121,0,97.61,50.23,290.66,367.24,0.9917,1190.09,2449.98,0.7368
S5,P3-no-coverage,42,121,121,0,97.61,50.23,290.66,367.24,0.9917,1190.09,2449.98,0.7368
S5,P3-no-fatigue,42,121,121,0,97.61,50.23,290.66,367.24,0.9917,1190.09,2449.98,0.7368
S5,B1,43,121,121,0,85.24,53.74,205.91,270.19,1.0000,1204.40,2354.13,0.4800
S5,B2,43,121,121,0,90.44,59.85,205.91,270.19,1.0000,1204.40,2364.19,0.6400
S5,P1,43,121,121,0,117.53,67.32,293.16,354.95,0.9752,1204.40,2398.18,0.7400
S5,P2,43,121,121,0,117.53,67.32,293.16,354.95,0.9752,1204.40,2398.18,0.7400
S5,P3,43,121,121,0,117.53,67.32,293.16,354.95,0.9752,1204.40,2398.18,0.7400
S5,P3-no-redeploy,43,121,121,0,117.53,67.32,293.16,354.95,0.9752,1204.40,2398.18,0.7400
S5,P3-no-hosp,43,121,121,0,117.53,67.32,293.16,354.95,0.9752,1204.40,2398.18,0.7400
S5,P3-no-coverage,43,121,121,0,117.53,67.32,293.16,354.95,0.9752,1204.40,2398.18,0.7400
S5,P3-no-fatigue,43,121,121,0,117.53,67.32,293.16,354.95,0.9752,1204.40,2398.18,0.7400
S5,B1,44,135,135,0,94.06,69.32,206.97,257.23,1.0000,1182.81,2350.07,0.5439
S5,B2,44,135,135,0,96.48,69.16,209.04,279.56,1.0000,1182.81,2360.00,0.6667
S5,P1,44,135,135,0,105.72,69.34,253.71,292.28,1.0000,1182.81,2370.93,0.6842
S5,P2,44,135,135,0,105.72,69.34,253.71,292.28,1.0000,1182.81,2370.93,0.6842
S5,P3,44,135,135,0,105.72,69.34,253.71,292.28,1.0000,1182.81,2370.93,0.6842
S5,P3-no-redeploy,44,135,135,0,105.72,69.34,253.71,292.28,1.0000,1182.81,2370.93,0.6842
S5,P3-no-hosp,44,135,135,0,105.72,69.34,253.71,292.28,1.0000,1182.81,2370.93,0.6842
S5,P3-no-coverage,44,135,135,0,105.72,69.34,253.71,292.28,1.0000,1182.81,2370.93,0.6842
S5,P3-no-fatigue,44,135,135,0,105.72,69.34,253.71,292.28,1.0000,1182.81,2370.93,0.6842
S5,B1,45,120,120,0,84.98,58.37,192.65,220.89,1.0000,1022.11,2184.05,0.5778
S5,B2,45,120,120,0,95.91,59.95,207.61,295.83,0.9917,1022.11,2208.91,0.6222
S5,P1,45,120,120,0,114.59,72.80,261.80,313.12,0.9833,1022.11,2233.32,0.6000
S5,P2,45,120,120,0,114.59,72.80,261.80,313.12,0.9833,1022.11,2233.32,0.6000
S5,P3,45,120,120,0,114.59,72.80,261.80,313.12,0.9833,1022.11,2233.32,0.6000
S5,P3-no-redeploy,45,120,120,0,114.59,72.80,261.80,313.12,0.9833,1022.11,2233.32,0.6000
S5,P3-no-hosp,45,120,120,0,114.59,72.80,261.80,313.12,0.9833,1022.11,2233.32,0.6000
S5,P3-no-coverage,45,120,120,0,114.59,72.80,261.80,313.12,0.9833,1022.11,2233.32,0.6000
S5,P3-no-fatigue,45,120,120,0,114.59,72.80,261.80,313.12,0.9833,1022.11,2233.32,0.6000
S5,B1,46,113,113,0,75.71,62.98,166.84,191.20,1.0000,1217.89,2349.32,0.6667
S5,B2,46,113,113,0,81.85,62.98,181.29,235.56,1.0000,1217.89,2356.90,0.6154
S5,P1,46,113,113,0,94.21,63.49,203.05,322.97,1.0000,1217.89,2364.82,0.6667
S5,P2,46,113,113,0,94.21,63.49,203.05,322.97,1.0000,1217.89,2364.82,0.6667
S5,P3,46,113,113,0,94.21,63.49,203.05,322.97,1.0000,1217.89,2364.82,0.6667
S5,P3-no-redeploy,46,113,113,0,94.21,63.49,203.05,322.97,1.0000,1217.89,2364.82,0.6667
S5,P3-no-hosp,46,113,113,0,94.21,63.49,203.05,322.97,1.0000,1217.89,2364.82,0.6667
S5,P3-no-coverage,46,113,113,0,94.21,63.49,203.05,322.97,1.0000,1217.89,2364.82,0.6667
S5,P3-no-fatigue,46,113,113,0,94.21,63.49,203.05,322.97,1.0000,1217.89,2364.82,0.6667
S5,B1,47,139,139,0,84.00,52.91,208.11,243.81,1.0000,1168.42,2377.05,0.6833
S5,B2,47,139,139,0,94.64,54.48,229.71,293.29,0.9928,1168.42,2393.78,0.6667
S5,P1,47,139,139,0,104.94,61.58,263.36,302.85,0.9928,1168.42,2398.61,0.5833
S5,P2,47,139,139,0,104.94,61.58,263.36,302.85,0.9928,1168.42,2398.61,0.5833
S5,P3,47,139,139,0,104.94,61.58,263.36,302.85,0.9928,1168.42,2398.61,0.5833
S5,P3-no-redeploy,47,139,139,0,104.94,61.58,263.36,302.85,0.9928,1168.42,2398.61,0.5833
S5,P3-no-hosp,47,139,139,0,104.94,61.58,263.36,302.85,0.9928,1168.42,2398.61,0.5833
S5,P3-no-coverage,47,139,139,0,104.94,61.58,263.36,302.85,0.9928,1168.42,2398.61,0.5833
S5,P3-no-fatigue,47,139,139,0,104.94,61.58,263.36,302.85,0.9928,1168.42,2398.61,0.5833
S5,B1,48,149,149,0,66.86,50.44,161.83,186.54,1.0000,1281.48,2383.18,0.5200
S5,B2,48,149,149,0,79.10,56.27,199.57,233.78,0.9933,1281.48,2405.22,0.6800
S5,P1,48,149,149,0,109.31,68.96,244.00,283.31,0.9799,1281.48,2430.09,0.6400
S5,P2,48,149,149,0,109.31,68.96,244.00,283.31,0.9799,1281.48,2430.09,0.6400
S5,P3,48,149,149,0,109.31,68.96,244.00,283.31,0.9799,1281.48,2430.09,0.6400
S5,P3-no-redeploy,48,149,149,0,109.31,68.96,244.00,283.31,0.9799,1281.48,2430.09,0.6400
S5,P3-no-hosp,48,149,149,0,109.31,68.96,244.00,283.31,0.9799,1281.48,2430.09,0.6400
S5,P3-no-coverage,48,149,149,0,109.31,68.96,244.00,283.31,0.9799,1281.48,2430.09,0.6400
S5,P3-no-fatigue,48,149,149,0,109.31,68.96,244.00,283.31,0.9799,1281.48,2430.09,0.6400
S5,B1,49,104,104,0,83.03,63.29,172.50,195.46,1.0000,1241.21,2418.47,0.5556
S5,B2,49,104,104,0,87.83,57.27,183.24,202.62,0.9904,1241.21,2439.49,0.6944
S5,P1,49,104,104,0,106.72,70.09,199.76,278.77,0.9808,1241.21,2460.65,0.6944
S5,P2,49,104,104,0,106.72,70.09,199.76,278.77,0.9808,1241.21,2460.65,0.6944
S5,P3,49,104,104,0,106.72,70.09,199.76,278.77,0.9808,1241.21,2460.65,0.6944
S5,P3-no-redeploy,49,104,104,0,106.72,70.09,199.76,278.77,0.9808,1241.21,2460.65,0.6944
S5,P3-no-hosp,49,104,104,0,106.72,70.09,199.76,278.77,0.9808,1241.21,2460.65,0.6944
S5,P3-no-coverage,49,104,104,0,106.72,70.09,199.76,278.77,0.9808,1241.21,2460.65,0.6944
S5,P3-no-fatigue,49,104,104,0,106.72,70.09,199.76,278.77,0.9808,1241.21,2460.65,0.6944
S5,B1,50,110,110,0,90.62,62.43,178.06,223.55,1.0000,1284.28,2454.76,0.6410
S5,B2,50,110,110,0,98.69,61.91,206.44,236.39,1.0000,1284.28,2475.10,0.7692
S5,P1,50,110,110,0,104.67,76.49,217.90,238.59,1.0000,1284.28,2475.14,0.7436
S5,P2,50,110,110,0,104.67,76.49,217.90,238.59,1.0000,1284.28,2475.14,0.7436
S5,P3,50,110,110,0,104.67,76.49,217.90,238.59,1.0000,1284.28,2475.14,0.7436
S5,P3-no-redeploy,50,110,110,0,104.67,76.49,217.90,238.59,1.0000,1284.28,2475.14,0.7436
S5,P3-no-hosp,50,110,110,0,104.67,76.49,217.90,238.59,1.0000,1284.28,2475.14,0.7436
S5,P3-no-coverage,50,110,110,0,104.67,76.49,217.90,238.59,1.0000,1284.28,2475.14,0.7436
S5,P3-no-fatigue,50,110,110,0,104.67,76.49,217.90,238.59,1.0000,1284.28,2475.14,0.7436
S5,B1,51,127,127,0,80.11,53.60,177.04,205.62,1.0000,1221.00,2419.39,0.6346
S5,B2,51,127,127,0,84.76,53.92,180.06,253.62,1.0000,1221.00,2426.32,0.6538
S5,P1,51,127,127,0,107.81,63.95,243.84,307.29,0.9764,1221.00,2448.06,0.7115
S5,P2,51,127,127,0,107.81,63.95,243.84,307.29,0.9764,1221.00,2448.06,0.7115
S5,P3,51,127,127,0,107.81,63.95,243.84,307.29,0.9764,1221.00,2448.06,0.7115
S5,P3-no-redeploy,51,127,127,0,107.81,63.95,243.84,307.29,0.9764,1221.00,2448.06,0.7115
S5,P3-no-hosp,51,127,127,0,107.81,63.95,243.84,307.29,0.9764,1221.00,2448.06,0.7115
S5,P3-no-coverage,51,127,127,0,107.81,63.95,243.84,307.29,0.9764,1221.00,2448.06,0.7115
S5,P3-no-fatigue,51,127,127,0,107.81,63.95,243.84,307.29,0.9764,1221.00,2448.06,0.7115
S5,B1,52,130,130,0,89.98,62.47,199.33,239.10,1.0000,1391.08,2589.18,0.5476
S5,B2,52,130,130,0,92.32,62.92,199.87,242.39,1.0000,1391.08,2603.75,0.5952
S5,P1,52,130,130,0,127.97,81.62,292.16,345.14,0.9846,1391.08,2626.30,0.7619
S5,P2,52,130,130,0,127.97,81.62,292.16,345.14,0.9846,1391.08,2626.30,0.7619
S5,P3,52,130,130,0,127.97,81.62,292.16,345.14,0.9846,1391.08,2626.30,0.7619
S5,P3-no-redeploy,52,130,130,0,127.97,81.62,292.16,345.14,0.9846,1391.08,2626.30,0.7619
S5,P3-no-hosp,52,130,130,0,127.97,81.62,292.16,345.14,0.9846,1391.08,2626.30,0.7619
S5,P3-no-coverage,52,130,130,0,127.97,81.62,292.16,345.14,0.9846,1391.08,2626.30,0.7619
S5,P3-no-fatigue,52,130,130,0,127.97,81.62,292.16,345.14,0.9846,1391.08,2626.30,0.7619
S5,B1,53,135,135,0,97.81,70.41,226.76,269.13,1.0000,1258.32,2550.63,0.6190
S5,B2,53,135,135,0,113.18,72.97,270.74,354.21,0.9852,1258.32,2595.79,0.5714
S5,P1,53,135,135,0,138.61,78.97,300.85,391.81,0.9630,1258.32,2578.84,0.6667
S5,P2,53,135,135,0,138.61,78.97,300.85,391.81,0.9630,1258.32,2578.84,0.6667
S5,P3,53,135,135,0,138.61,78.97,300.85,391.81,0.9630,1258.32,2578.84,0.6667
S5,P3-no-redeploy,53,135,135,0,138.61,78.97,300.85,391.81,0.9630,1258.32,2578.84,0.6667
S5,P3-no-hosp,53,135,135,0,138.61,78.97,300.85,391.81,0.9630,1258.32,2578.84,0.6667
S5,P3-no-coverage,53,135,135,0,138.61,78.97,300.85,391.81,0.9630,1258.32,2578.84,0.6667
S5,P3-no-fatigue,53,135,135,0,138.61,78.97,300.85,391.81,0.9630,1258.32,2578.84,0.6667
S5,B1,54,119,119,0,77.96,65.12,176.02,208.49,1.0000,1272.72,2414.27,0.6818
S5,B2,54,119,119,0,94.07,68.98,210.90,262.93,1.0000,1272.72,2446.30,0.7500
S5,P1,54,119,119,0,118.26,76.31,272.81,378.81,0.9664,1272.72,2449.77,0.7045
S5,P2,54,119,119,0,118.26,76.31,272.81,378.81,0.9664,1272.72,2449.77,0.7045
S5,P3,54,119,119,0,118.26,76.31,272.81,378.81,0.9664,1272.72,2449.77,0.7045
S5,P3-no-redeploy,54,119,119,0,118.26,76.31,272.81,378.81,0.9664,1272.72,2449.77,0.7045
S5,P3-no-hosp,54,119,119,0,118.26,76.31,272.81,378.81,0.9664,1272.72,2449.77,0.7045
S5,P3-no-coverage,54,119,119,0,118.26,76.31,272.81,378.81,0.9664,1272.72,2449.77,0.7045
S5,P3-no-fatigue,54,119,119,0,118.26,76.31,272.81,378.81,0.9664,1272.72,2449.77,0.7045
S5,B1,55,152,152,0,72.40,46.85,180.09,227.71,1.0000,1156.02,2254.20,0.5600
S5,B2,55,152,152,0,75.45,46.24,184.58,227.71,0.9934,1156.02,2271.48,0.6400
S5,P1,55,152,152,0,101.72,51.64,257.57,363.39,0.9803,1156.02,2274.92,0.6600
S5,P2,55,152,152,0,101.72,51.64,257.57,363.39,0.9803,1156.02,2274.92,0.6600
S5,P3,55,152,152,0,101.72,51.64,257.57,363.39,0.9803,1156.02,2274.92,0.6600
S5,P3-no-redeploy,55,152,152,0,101.72,51.64,257.57,363.39,0.9803,1156.02,2274.92,0.6600
S5,P3-no-hosp,55,152,152,0,101.72,51.64,257.57,363.39,0.9803,1156.02,2274.92,0.6600
S5,P3-no-coverage,55,152,152,0,101.72,51.64,257.57,363.39,0.9803,1156.02,2274.92,0.6600
S5,P3-no-fatigue,55,152,152,0,101.72,51.64,257.57,363.39,0.9803,1156.02,2274.92,0.6600
S5,B1,56,110,110,0,102.22,67.57,213.22,256.96,1.0000,1251.03,2364.31,0.4545
S5,B2,56,110,110,0,112.02,79.46,230.66,272.49,1.0000,1251.03,2387.11,0.6591
S5,P1,56,110,110,0,126.04,88.35,272.49,346.86,0.9818,1251.03,2391.61,0.7500
S5,P2,56,110,110,0,126.04,88.35,272.49,346.86,0.9818,1251.03,2391.61,0.7500
S5,P3,56,110,110,0,126.04,88.35,272.49,346.86,0.9818,1251.03,2391.61,0.7500
S5,P3-no-redeploy,56,110,110,0,126.04,88.35,272.49,346.86,0.9818,1251.03,2391.61,0.7500
S5,P3-no-hosp,56,110,110,0,126.04,88.35,272.49,346.86,0.9818,1251.03,2391.61,0.7500
S5,P3-no-coverage,56,110,110,0,126.04,88.35,272.49,346.86,0.9818,1251.03,2391.61,0.7500
S5,P3-no-fatigue,56,110,110,0,126.04,88.35,272.49,346.86,0.9818,1251.03,2391.61,0.7500
S5,B1,57,116,116,0,67.59,51.86,147.81,176.13,1.0000,1196.39,2344.05,0.5333
S5,B2,57,116,116,0,88.29,58.67,220.79,238.34,1.0000,1196.39,2380.61,0.6667
S5,P1,57,116,116,0,114.78,75.11,233.78,325.46,0.9741,1196.39,2405.53,0.7333
S5,P2,57,116,116,0,114.78,75.11,233.78,325.46,0.9741,1196.39,2405.53,0.7333
S5,P3,57,116,116,0,114.78,75.11,233.78,325.46,0.9741,1196.39,2405.53,0.7333
S5,P3-no-redeploy,57,116,116,0,114.78,75.11,233.78,325.46,0.9741,1196.39,2405.53,0.7333
S5,P3-no-hosp,57,116,116,0,114.78,75.11,233.78,325.46,0.9741,1196.39,2405.53,0.7333
S5,P3-no-coverage,57,116,116,0,114.78,75.11,233.78,325.46,0.9741,1196.39,2405.53,0.7333
S5,P3-no-fatigue,57,116,116,0,114.78,75.11,233.78,325.46,0.9741,1196.39,2405.53,0.7333
S5,B1,58,134,134,0,95.63,54.91,239.00,277.17,0.9925,1176.92,2370.73,0.6047
S5,B2,58,134,134,0,103.66,63.90,275.34,317.27,1.0000,1176.92,2398.70,0.5581
S5,P1,58,134,134,0,119.36,63.90,286.18,352.29,0.9776,1176.92,2433.49,0.7674
S5,P2,58,134,134,0,119.36,63.90,286.18,352.29,0.9776,1176.92,2433.49,0.7674
S5,P3,58,134,134,0,119.36,63.90,286.18,352.29,0.9776,1176.92,2433.49,0.7674
S5,P3-no-redeploy,58,134,134,0,119.36,63.90,286.18,352.29,0.9776,1176.92,2433.49,0.7674
S5,P3-no-hosp,58,134,134,0,119.36,63.90,286.18,352.29,0.9776,1176.92,2433.49,0.7674
S5,P3-no-coverage,58,134,134,0,119.36,63.90,286.18,352.29,0.9776,1176.92,2433.49,0.7674
S5,P3-no-fatigue,58,134,134,0,119.36,63.90,286.18,352.29,0.9776,1176.92,2433.49,0.7674
S5,B1,59,120,120,0,77.90,49.52,189.14,226.65,1.0000,1304.36,2524.51,0.6154
S5,B2,59,120,120,0,84.06,53.03,204.94,250.69,1.0000,1304.36,2543.47,0.6923
S5,P1,59,120,120,0,102.42,60.33,243.96,271.19,0.9833,1304.36,2556.51,0.6923
S5,P2,59,120,120,0,102.42,60.33,243.96,271.19,0.9833,1304.36,2556.51,0.6923
S5,P3,59,120,120,0,102.42,60.33,243.96,271.19,0.9833,1304.36,2556.51,0.6923
S5,P3-no-redeploy,59,120,120,0,102.42,60.33,243.96,271.19,0.9833,1304.36,2556.51,0.6923
S5,P3-no-hosp,59,120,120,0,102.42,60.33,243.96,271.19,0.9833,1304.36,2556.51,0.6923
S5,P3-no-coverage,59,120,120,0,102.42,60.33,243.96,271.19,0.9833,1304.36,2556.51,0.6923
S5,P3-no-fatigue,59,120,120,0,102.42,60.33,243.96,271.19,0.9833,1304.36,2556.51,0.6923
S5,B1,60,111,111,0,88.69,61.44,193.82,238.60,1.0000,1178.28,2412.11,0.6053
S5,B2,60,111,111,0,94.29,63.53,221.27,256.78,1.0000,1178.28,2428.91,0.6053
S5,P1,60,111,111,0,103.76,63.53,246.69,277.74,0.9820,1178.28,2428.56,0.5789
S5,P2,60,111,111,0,103.76,63.53,246.69,277.74,0.9820,1178.28,2428.56,0.5789
S5,P3,60,111,111,0,103.76,63.53,246.69,277.74,0.9820,1178.28,2428.56,0.5789
S5,P3-no-redeploy,60,111,111,0,103.76,63.53,246.69,277.74,0.9820,1178.28,2428.56,0.5789
S5,P3-no-hosp,60,111,111,0,103.76,63.53,246.69,277.74,0.9820,1178.28,2428.56,0.5789
S5,P3-no-coverage,60,111,111,0,103.76,63.53,246.69,277.74,0.9820,1178.28,2428.56,0.5789
S5,P3-no-fatigue,60,111,111,0,103.76,63.53,246.69,277.74,0.9820,1178.28,2428.56,0.5789
S5,B1,61,141,141,0,79.64,54.39,183.98,224.60,1.0000,1117.20,2271.63,0.6800
S5,B2,61,141,141,0,84.13,53.30,183.98,260.78,1.0000,1117.20,2283.44,0.6800
S5,P1,61,141,141,0,115.78,66.35,275.79,329.55,0.9787,1117.20,2329.10,0.7600
S5,P2,61,141,141,0,115.78,66.35,275.79,329.55,0.9787,1117.20,2329.10,0.7600
S5,P3,61,141,141,0,115.78,66.35,275.79,329.55,0.9787,1117.20,2329.10,0.7600
S5,P3-no-redeploy,61,141,141,0,115.78,66.35,275.79,329.55,0.9787,1117.20,2329.10,0.7600
S5,P3-no-hosp,61,141,141,0,115.78,66.35,275.79,329.55,0.9787,1117.20,2329.10,0.7600
S5,P3-no-coverage,61,141,141,0,115.78,66.35,275.79,329.55,0.9787,1117.20,2329.10,0.7600
S5,P3-no-fatigue,61,141,141,0,115.78,66.35,275.79,329.55,0.9787,1117.20,2329.10,0.7600
S5,B1,62,112,112,0,81.69,52.22,173.56,219.72,1.0000,1180.22,2308.12,0.5455
S5,B2,62,112,112,0,87.96,61.40,190.99,275.05,1.0000,1180.22,2324.05,0.5909
S5,P1,62,112,112,0,98.73,65.40,215.34,284.03,0.9911,1180.22,2331.90,0.7045
S5,P2,62,112,112,0,98.73,65.40,215.34,284.03,0.9911,1180.22,2331.90,0.7045
S5,P3,62,112,112,0,98.73,65.40,215.34,284.03,0.9911,1180.22,2331.90,0.7045
S5,P3-no-redeploy,62,112,112,0,98.73,65.40,215.34,284.03,0.9911,1180.22,2331.90,0.7045
S5,P3-no-hosp,62,112,112,0,98.73,65.40,215.34,284.03,0.9911,1180.22,2331.90,0.7045
S5,P3-no-coverage,62,112,112,0,98.73,65.40,215.34,284.03,0.9911,1180.22,2331.90,0.7045
S5,P3-no-fatigue,62,112,112,0,98.73,65.40,215.34,284.03,0.9911,1180.22,2331.90,0.7045
S5,B1,63,140,140,0,81.78,58.72,168.92,223.81,1.0000,1262.05,2414.67,0.4490
S5,B2,63,140,140,0,96.04,67.84,193.41,263.25,1.0000,1262.05,2445.92,0.6531
S5,P1,63,140,140,0,124.29,82.42,265.06,394.09,0.9714,1262.05,2483.89,0.6531
S5,P2,63,140,140,0,124.29,82.42,265.06,394.09,0.9714,1262.05,2483.89,0.6531
S5,P3,63,140,140,0,124.29,82.42,265.06,394.09,0.9714,1262.05,2483.89,0.6531
S5,P3-no-redeploy,63,140,140,0,124.29,82.42,265.06,394.09,0.9714,1262.05,2483.89,0.6531
S5,P3-no-hosp,63,140,140,0,124.29,82.42,265.06,394.09,0.9714,1262.05,2483.89,0.6531
S5,P3-no-coverage,63,140,140,0,124.29,82.42,265.06,394.09,0.9714,1262.05,2483.89,0.6531
S5,P3-no-fatigue,63,140,140,0,124.29,82.42,265.06,394.09,0.9714,1262.05,2483.89,0.6531
S5,B1,64,123,123,0,79.40,48.45,176.06,217.03,1.0000,1356.81,2562.15,0.5676
S5,B2,64,123,123,0,88.20,54.12,196.28,245.15,1.0000,1356.81,2586.30,0.4865
S5,P1,64,123,123,0,124.21,76.32,289.04,375.37,0.9675,1356.81,2623.24,0.7027
S5,P2,64,123,123,0,124.21,76.32,289.04,375.37,0.9675,1356.81,2623.24,0.7027
S5,P3,64,123,123,0,124.21,76.32,289.04,375.37,0.9675,1356.81,2623.24,0.7027
S5,P3-no-redeploy,64,123,123,0,124.21,76.32,289.04,375.37,0.9675,1356.81,2623.24,0.7027
S5,P3-no-hosp,64,123,123,0,124.21,76.32,289.04,375.37,0.9675,1356.81,2623.24,0.7027
S5,P3-no-coverage,64,123,123,0,124.21,76.32,289.04,375.37,0.9675,1356.81,2623.24,0.7027
S5,P3-no-fatigue,64,123,123,0,124.21,76.32,289.04,375.37,0.9675,1356.81,2623.24,0.7027
S5,B1,65,135,135,0,74.81,51.46,193.01,220.27,1.0000,1185.39,2363.32,0.6596
S5,B2,65,135,135,0,85.40,52.28,195.83,297.31,0.9778,1185.39,2385.28,0.7234
S5,P1,65,135,135,0,99.14,53.58,235.85,319.52,0.9778,1185.39,2388.75,0.7660
S5,P2,65,135,135,0,99.14,53.58,235.85,319.52,0.9778,1185.39,2388.75,0.7660
S5,P3,65,135,135,0,99.14,53.58,235.85,319.52,0.9778,1185.39,2388.75,0.7660
S5,P3-no-redeploy,65,135,135,0,99.14,53.58,235.85,319.52,0.9778,1185.39,2388.75,0.7660
S5,P3-no-hosp,65,135,135,0,99.14,53.58,235.85,319.52,0.9778,1185.39,2388.75,0.7660
S5,P3-no-coverage,65,135,135,0,99.14,53.58,235.85,319.52,0.9778,1185.39,2388.75,0.7660
S5,P3-no-fatigue,65,135,135,0,99.14,53.58,235.85,319.52,0.9778,1185.39,2388.75,0.7660
S5,B1,66,121,121,0,78.67,52.94,182.83,209.83,1.0000,1239.00,2306.18,0.6383
S5,B2,66,121,121,0,88.91,62.37,204.48,234.91,1.0000,1239.00,2325.30,0.6383
S5,P1,66,121,121,0,107.34,75.42,243.27,293.08,0.9917,1239.00,2343.67,0.5957
S5,P2,66,121,121,0,107.34,75.42,243.27,293.08,0.9917,1239.00,2343.67,0.5957
S5,P3,66,121,121,0,107.34,75.42,243.27,293.08,0.9917,1239.00,2343.67,0.5957
S5,P3-no-redeploy,66,121,121,0,107.34,75.42,243.27,293.08,0.9917,1239.00,2343.67,0.5957
S5,P3-no-hosp,66,121,121,0,107.34,75.42,243.27,293.08,0.9917,1239.00,2343.67,0.5957
S5,P3-no-coverage,66,121,121,0,107.34,75.42,243.27,293.08,0.9917,1239.00,2343.67,0.5957
S5,P3-no-fatigue,66,121,121,0,107.34,75.42,243.27,293.08,0.9917,1239.00,2343.67,0.5957
S5,B1,67,132,132,0,86.12,55.90,188.36,245.58,1.0000,1283.79,2482.48,0.3500
S5,B2,67,132,132,0,99.08,66.45,223.33,263.92,0.9924,1283.79,2514.02,0.5500
S5,P1,67,132,132,0,118.89,67.54,266.77,389.78,0.9773,1283.79,2537.05,0.6000
S5,P2,67,132,132,0,118.89,67.54,266.77,389.78,0.9773,1283.79,2537.05,0.6000
S5,P3,67,132,132,0,118.89,67.54,266.77,389.78,0.9773,1283.79,2537.05,0.6000
S5,P3-no-redeploy,67,132,132,0,118.89,67.54,266.77,389.78,0.9773,1283.79,2537.05,0.6000
S5,P3-no-hosp,67,132,132,0,118.89,67.54,266.77,389.78,0.9773,1283.79,2537.05,0.6000
S5,P3-no-coverage,67,132,132,0,118.89,67.54,266.77,389.78,0.9773,1283.79,2537.05,0.6000
S5,P3-no-fatigue,67,132,132,0,118.89,67.54,266.77,389.78,0.9773,1283.79,2537.05,0.6000
S5,B1,68,123,123,0,84.69,61.68,192.43,238.70,1.0000,1145.39,2291.81,0.6078
S5,B2,68,123,123,0,88.95,61.68,205.16,238.70,1.0000,1145.39,2305.59,0.6667
S5,P1,68,123,123,0,104.80,70.69,230.53,302.26,0.9919,1145.39,2317.74,0.7059
S5,P2,68,123,123,0,104.80,70.69,230.53,302.26,0.9919,1145.39,2317.74,0.7059
S5,P3,68,123,123,0,104.80,70.69,230.53,302.26,0.9919,1145.39,2317.74,0.7059
S5,P3-no-redeploy,68,123,123,0,104.80,70.69,230.53,302.26,0.9919,1145.39,2317.74,0.7059
S5,P3-no-hosp,68,123,123,0,104.80,70.69,230.53,302.26,0.9919,1145.39,2317.74,0.7059
S5,P3-no-coverage,68,123,123,0,104.80,70.69,230.53,302.26,0.9919,1145.39,2317.74,0.7059
S5,P3-no-fatigue,68,123,123,0,104.80,70.69,230.53,302.26,0.9919,1145.39,2317.74,0.7059
S5,B1,69,128,128,0,71.84,42.58,178.51,216.32,1.0000,1218.18,2380.96,0.6304
S5,B2,69,128,128,0,82.82,50.37,209.50,262.26,1.0000,1218.18,2404.84,0.6739
S5,P1,69,128,128,0,100.14,53.48,264.29,319.54,0.9844,1218.18,2411.67,0.6087
S5,P2,69,128,128,0,100.14,53.48,264.29,319.54,0.9844,1218.18,2411.67,0.6087
S5,P3,69,128,128,0,100.14,53.48,264.29,319.54,0.9844,1218.18,2411.67,0.6087
S5,P3-no-redeploy,69,128,128,0,100.14,53.48,264.29,319.54,0.9844,1218.18,2411.67,0.6087
S5,P3-no-hosp,69,128,128,0,100.14,53.48,264.29,319.54,0.9844,1218.18,2411.67,0.6087
S5,P3-no-coverage,69,128,128,0,100.14,53.48,264.29,319.54,0.9844,1218.18,2411.67,0.6087
S5,P3-no-fatigue,69,128,128,0,100.14,53.48,264.29,319.54,0.9844,1218.18,2411.67,0.6087
S5,B1,70,108,108,0,79.72,54.81,175.51,200.58,1.0000,1318.37,2566.89,0.5714
S5,B2,70,108,108,0,83.38,54.81,185.30,218.64,1.0000,1318.37,2586.65,0.6071
S5,P1,70,108,108,0,98.97,58.45,233.79,280.94,0.9907,1318.37,2600.20,0.5000
S5,P2,70,108,108,0,98.97,58.45,233.79,280.94,0.9907,1318.37,2600.20,0.5000
S5,P3,70,108,108,0,98.97,58.45,233.79,280.94,0.9907,1318.37,2600.20,0.5000
S5,P3-no-redeploy,70,108,108,0,98.97,58.45,233.79,280.94,0.9907,1318.37,2600.20,0.5000
S5,P3-no-hosp,70,108,108,0,98.97,58.45,233.79,280.94,0.9907,1318.37,2600.20,0.5000
S5,P3-no-coverage,70,108,108,0,98.97,58.45,233.79,280.94,0.9907,1318.37,2600.20,0.5000
S5,P3-no-fatigue,70,108,108,0,98.97,58.45,233.79,280.94,0.9907,1318.37,2600.20,0.5000
S5,B1,71,141,141,0,77.94,50.73,173.00,203.11,1.0000,1154.70,2372.66,0.5769
S5,B2,71,141,141,0,84.77,56.91,177.44,203.11,1.0000,1154.70,2390.43,0.5769
S5,P1,71,141,141,0,115.03,74.19,274.20,317.42,0.9858,1154.70,2416.94,0.6154
S5,P2,71,141,141,0,115.03,74.19,274.20,317.42,0.9858,1154.70,2416.94,0.6154
S5,P3,71,141,141,0,115.03,74.19,274.20,317.42,0.9858,1154.70,2416.94,0.6154
S5,P3-no-redeploy,71,141,141,0,115.03,74.19,274.20,317.42,0.9858,1154.70,2416.94,0.6154
S5,P3-no-hosp,71,141,141,0,115.03,74.19,274.20,317.42,0.9858,1154.70,2416.94,0.6154
S5,P3-no-coverage,71,141,141,0,115.03,74.19,274.20,317.42,0.9858,1154.70,2416.94,0.6154
S5,P3-no-fatigue,71,141,141,0,115.03,74.19,274.20,317.42,0.9858,1154.70,2416.94,0.6154
